"","eventID","occurrenceID","recordedBy","measurementType","measurementValue","measurementUnit"
"1","Site1_01/12/1929","Site1_01/12/1929_A45","Edgar Anderson","sepal length","5.1","cm"
"2","Site1_01/12/1929","Site1_01/12/1929_A45","Edgar Anderson","sepal width","3.8","cm"
"3","Site1_01/12/1929","Site1_01/12/1929_A45","Edgar Anderson","petal length","1.9","cm"
"4","Site1_01/12/1929","Site1_01/12/1929_A45","Edgar Anderson","petal width","0.4","cm"
"5","Site2_13/02/1930","Site2_13/02/1930_A29","Edgar Anderson","sepal length","5.2","cm"
"6","Site2_13/02/1930","Site2_13/02/1930_A29","Edgar Anderson","sepal width","3.4","cm"
"7","Site2_13/02/1930","Site2_13/02/1930_A29","Edgar Anderson","petal length","1.4","cm"
"8","Site2_13/02/1930","Site2_13/02/1930_A29","Edgar Anderson","petal width","0.2","cm"
"9","Site2_13/02/1930","Site2_13/02/1930_A41","Edgar Anderson","sepal length","5","cm"
"10","Site2_13/02/1930","Site2_13/02/1930_A41","Edgar Anderson","sepal width","3.5","cm"
"11","Site2_13/02/1930","Site2_13/02/1930_A41","Edgar Anderson","petal length","1.3","cm"
"12","Site2_13/02/1930","Site2_13/02/1930_A41","Edgar Anderson","petal width","0.3","cm"
"13","Site2_13/02/1930","Site2_13/02/1930_A44","Edgar Anderson","sepal length","5","cm"
"14","Site2_13/02/1930","Site2_13/02/1930_A44","Edgar Anderson","sepal width","3.5","cm"
"15","Site2_13/02/1930","Site2_13/02/1930_A44","Edgar Anderson","petal length","1.6","cm"
"16","Site2_13/02/1930","Site2_13/02/1930_A44","Edgar Anderson","petal width","0.6","cm"
"17","Site2_13/02/1930","Site2_13/02/1930_A56","Edgar Anderson","sepal length","5.7","cm"
"18","Site2_13/02/1930","Site2_13/02/1930_A56","Edgar Anderson","sepal width","2.8","cm"
"19","Site2_13/02/1930","Site2_13/02/1930_A56","Edgar Anderson","petal length","4.5","cm"
"20","Site2_13/02/1930","Site2_13/02/1930_A56","Edgar Anderson","petal width","1.3","cm"
"21","Site2_13/02/1930","Site2_13/02/1930_A86","Edgar Anderson","sepal length","6","cm"
"22","Site2_13/02/1930","Site2_13/02/1930_A86","Edgar Anderson","sepal width","3.4","cm"
"23","Site2_13/02/1930","Site2_13/02/1930_A86","Edgar Anderson","petal length","4.5","cm"
"24","Site2_13/02/1930","Site2_13/02/1930_A86","Edgar Anderson","petal width","1.6","cm"
"25","Site3_01/12/1929","Site3_01/12/1929_A82","Edgar Anderson","sepal length","5.5","cm"
"26","Site3_01/12/1929","Site3_01/12/1929_A82","Edgar Anderson","sepal width","2.4","cm"
"27","Site3_01/12/1929","Site3_01/12/1929_A82","Edgar Anderson","petal length","3.7","cm"
"28","Site3_01/12/1929","Site3_01/12/1929_A82","Edgar Anderson","petal width","1","cm"
"29","Site3_01/12/1929","Site3_01/12/1929_A85","Edgar Anderson","sepal length","5.4","cm"
"30","Site3_01/12/1929","Site3_01/12/1929_A85","Edgar Anderson","sepal width","3","cm"
"31","Site3_01/12/1929","Site3_01/12/1929_A85","Edgar Anderson","petal length","4.5","cm"
"32","Site3_01/12/1929","Site3_01/12/1929_A85","Edgar Anderson","petal width","1.5","cm"
"33","Site1_01/12/1929","Site1_01/12/1929_A138","Edgar Anderson","sepal length","6.4","cm"
"34","Site1_01/12/1929","Site1_01/12/1929_A138","Edgar Anderson","sepal width","3.1","cm"
"35","Site1_01/12/1929","Site1_01/12/1929_A138","Edgar Anderson","petal length","5.5","cm"
"36","Site1_01/12/1929","Site1_01/12/1929_A138","Edgar Anderson","petal width","1.8","cm"
"37","Site1_01/12/1929","Site1_01/12/1929_A141","Edgar Anderson","sepal length","6.7","cm"
"38","Site1_01/12/1929","Site1_01/12/1929_A141","Edgar Anderson","sepal width","3.1","cm"
"39","Site1_01/12/1929","Site1_01/12/1929_A141","Edgar Anderson","petal length","5.6","cm"
"40","Site1_01/12/1929","Site1_01/12/1929_A141","Edgar Anderson","petal width","2.4","cm"
"41","Site1_01/12/1929","Site1_01/12/1929_A144","Edgar Anderson","sepal length","6.8","cm"
"42","Site1_01/12/1929","Site1_01/12/1929_A144","Edgar Anderson","sepal width","3.2","cm"
"43","Site1_01/12/1929","Site1_01/12/1929_A144","Edgar Anderson","petal length","5.9","cm"
"44","Site1_01/12/1929","Site1_01/12/1929_A144","Edgar Anderson","petal width","2.3","cm"
"45","Site1_01/12/1929","Site1_01/12/1929_A147","Edgar Anderson","sepal length","6.3","cm"
"46","Site1_01/12/1929","Site1_01/12/1929_A147","Edgar Anderson","sepal width","2.5","cm"
"47","Site1_01/12/1929","Site1_01/12/1929_A147","Edgar Anderson","petal length","5","cm"
"48","Site1_01/12/1929","Site1_01/12/1929_A147","Edgar Anderson","petal width","1.9","cm"
"49","Site2_13/02/1930","Site2_13/02/1930_A134","Edgar Anderson","sepal length","6.3","cm"
"50","Site2_13/02/1930","Site2_13/02/1930_A134","Edgar Anderson","sepal width","2.8","cm"
"51","Site2_13/02/1930","Site2_13/02/1930_A134","Edgar Anderson","petal length","5.1","cm"
"52","Site2_13/02/1930","Site2_13/02/1930_A134","Edgar Anderson","petal width","1.5","cm"
"53","Site3_01/12/1929","Site3_01/12/1929_A139","Edgar Anderson","sepal length","6","cm"
"54","Site3_01/12/1929","Site3_01/12/1929_A139","Edgar Anderson","sepal width","3","cm"
"55","Site3_01/12/1929","Site3_01/12/1929_A139","Edgar Anderson","petal length","4.8","cm"
"56","Site3_01/12/1929","Site3_01/12/1929_A139","Edgar Anderson","petal width","1.8","cm"
"57","Site2_13/02/1930","Site2_13/02/1930_A59","Edgar Anderson","sepal length","6.6","cm"
"58","Site2_13/02/1930","Site2_13/02/1930_A59","Edgar Anderson","sepal width","2.9","cm"
"59","Site2_13/02/1930","Site2_13/02/1930_A59","Edgar Anderson","petal length","4.6","cm"
"60","Site2_13/02/1930","Site2_13/02/1930_A59","Edgar Anderson","petal width","1.3","cm"
"61","Site1_01/12/1929","Site1_01/12/1929_A84","Edgar Anderson","sepal length","6","cm"
"62","Site1_01/12/1929","Site1_01/12/1929_A84","Edgar Anderson","sepal width","2.7","cm"
"63","Site1_01/12/1929","Site1_01/12/1929_A84","Edgar Anderson","petal length","5.1","cm"
"64","Site1_01/12/1929","Site1_01/12/1929_A84","Edgar Anderson","petal width","1.6","cm"
"65","Site1_01/12/1929","Site1_01/12/1929_A78","Edgar Anderson","sepal length","6.7","cm"
"66","Site1_01/12/1929","Site1_01/12/1929_A78","Edgar Anderson","sepal width","3","cm"
"67","Site1_01/12/1929","Site1_01/12/1929_A78","Edgar Anderson","petal length","5","cm"
"68","Site1_01/12/1929","Site1_01/12/1929_A78","Edgar Anderson","petal width","1.7","cm"
"69","Site1_01/12/1929","Site1_01/12/1929_A63","Edgar Anderson","sepal length","6","cm"
"70","Site1_01/12/1929","Site1_01/12/1929_A63","Edgar Anderson","sepal width","2.2","cm"
"71","Site1_01/12/1929","Site1_01/12/1929_A63","Edgar Anderson","petal length","4","cm"
"72","Site1_01/12/1929","Site1_01/12/1929_A63","Edgar Anderson","petal width","1","cm"
"73","Site1_01/12/1929","Site1_01/12/1929_A57","Edgar Anderson","sepal length","6.3","cm"
"74","Site1_01/12/1929","Site1_01/12/1929_A57","Edgar Anderson","sepal width","3.3","cm"
"75","Site1_01/12/1929","Site1_01/12/1929_A57","Edgar Anderson","petal length","4.7","cm"
"76","Site1_01/12/1929","Site1_01/12/1929_A57","Edgar Anderson","petal width","1.6","cm"
"77","Site1_01/12/1929","Site1_01/12/1929_A54","Edgar Anderson","sepal length","5.5","cm"
"78","Site1_01/12/1929","Site1_01/12/1929_A54","Edgar Anderson","sepal width","2.3","cm"
"79","Site1_01/12/1929","Site1_01/12/1929_A54","Edgar Anderson","petal length","4","cm"
"80","Site1_01/12/1929","Site1_01/12/1929_A54","Edgar Anderson","petal width","1.3","cm"
"81","Site3_01/12/1929","Site3_01/12/1929_A13","Edgar Anderson","sepal length","4.8","cm"
"82","Site3_01/12/1929","Site3_01/12/1929_A13","Edgar Anderson","sepal width","3","cm"
"83","Site3_01/12/1929","Site3_01/12/1929_A13","Edgar Anderson","petal length","1.4","cm"
"84","Site3_01/12/1929","Site3_01/12/1929_A13","Edgar Anderson","petal width","0.1","cm"
"85","Site2_13/02/1930","Site2_13/02/1930_A8","Edgar Anderson","sepal length","5","cm"
"86","Site2_13/02/1930","Site2_13/02/1930_A8","Edgar Anderson","sepal width","3.4","cm"
"87","Site2_13/02/1930","Site2_13/02/1930_A8","Edgar Anderson","petal length","1.5","cm"
"88","Site2_13/02/1930","Site2_13/02/1930_A8","Edgar Anderson","petal width","0.2","cm"
"89","Site2_13/02/1930","Site2_13/02/1930_A23","Edgar Anderson","sepal length","4.6","cm"
"90","Site2_13/02/1930","Site2_13/02/1930_A23","Edgar Anderson","sepal width","3.6","cm"
"91","Site2_13/02/1930","Site2_13/02/1930_A23","Edgar Anderson","petal length","1","cm"
"92","Site2_13/02/1930","Site2_13/02/1930_A23","Edgar Anderson","petal width","0.2","cm"
"93","Site3_01/12/1929","Site3_01/12/1929_A148","Edgar Anderson","sepal length","6.9","cm"
"94","Site3_01/12/1929","Site3_01/12/1929_A148","Edgar Anderson","sepal width","3.1","cm"
"95","Site3_01/12/1929","Site3_01/12/1929_A148","Edgar Anderson","petal length","5.1","cm"
"96","Site3_01/12/1929","Site3_01/12/1929_A148","Edgar Anderson","petal width","2.3","cm"
"97","Site3_01/12/1929","Site3_01/12/1929_A118","Edgar Anderson","sepal length","7.7","cm"
"98","Site3_01/12/1929","Site3_01/12/1929_A118","Edgar Anderson","sepal width","3.8","cm"
"99","Site3_01/12/1929","Site3_01/12/1929_A118","Edgar Anderson","petal length","6.7","cm"
"100","Site3_01/12/1929","Site3_01/12/1929_A118","Edgar Anderson","petal width","2.2","cm"
"101","Site3_01/12/1929","Site3_01/12/1929_A103","Edgar Anderson","sepal length","7.1","cm"
"102","Site3_01/12/1929","Site3_01/12/1929_A103","Edgar Anderson","sepal width","3","cm"
"103","Site3_01/12/1929","Site3_01/12/1929_A103","Edgar Anderson","petal length","5.9","cm"
"104","Site3_01/12/1929","Site3_01/12/1929_A103","Edgar Anderson","petal width","2.1","cm"
"105","Site2_13/02/1930","Site2_13/02/1930_A101","Edgar Anderson","sepal length","6.3","cm"
"106","Site2_13/02/1930","Site2_13/02/1930_A101","Edgar Anderson","sepal width","3.3","cm"
"107","Site2_13/02/1930","Site2_13/02/1930_A101","Edgar Anderson","petal length","6","cm"
"108","Site2_13/02/1930","Site2_13/02/1930_A101","Edgar Anderson","petal width","2.5","cm"
"109","Site1_01/12/1929","Site1_01/12/1929_A135","Edgar Anderson","sepal length","6.1","cm"
"110","Site1_01/12/1929","Site1_01/12/1929_A135","Edgar Anderson","sepal width","2.6","cm"
"111","Site1_01/12/1929","Site1_01/12/1929_A135","Edgar Anderson","petal length","5.6","cm"
"112","Site1_01/12/1929","Site1_01/12/1929_A135","Edgar Anderson","petal width","1.4","cm"
"113","Site1_01/12/1929","Site1_01/12/1929_A129","Edgar Anderson","sepal length","6.4","cm"
"114","Site1_01/12/1929","Site1_01/12/1929_A129","Edgar Anderson","sepal width","2.8","cm"
"115","Site1_01/12/1929","Site1_01/12/1929_A129","Edgar Anderson","petal length","5.6","cm"
"116","Site1_01/12/1929","Site1_01/12/1929_A129","Edgar Anderson","petal width","2.1","cm"
"117","Site1_01/12/1929","Site1_01/12/1929_A15","Edgar Anderson","sepal length","5.8","cm"
"118","Site1_01/12/1929","Site1_01/12/1929_A15","Edgar Anderson","sepal width","4","cm"
"119","Site1_01/12/1929","Site1_01/12/1929_A15","Edgar Anderson","petal length","1.2","cm"
"120","Site1_01/12/1929","Site1_01/12/1929_A15","Edgar Anderson","petal width",NA,"cm"
"121","Site2_13/02/1930","Site2_13/02/1930_A17","Edgar Anderson","sepal length","5.4","cm"
"122","Site2_13/02/1930","Site2_13/02/1930_A17","Edgar Anderson","sepal width","3.9","cm"
"123","Site2_13/02/1930","Site2_13/02/1930_A17","Edgar Anderson","petal length","1.3","cm"
"124","Site2_13/02/1930","Site2_13/02/1930_A17","Edgar Anderson","petal width","0.4","cm"
"125","Site2_13/02/1930","Site2_13/02/1930_A11","Edgar Anderson","sepal length","5.4","cm"
"126","Site2_13/02/1930","Site2_13/02/1930_A11","Edgar Anderson","sepal width","3.7","cm"
"127","Site2_13/02/1930","Site2_13/02/1930_A11","Edgar Anderson","petal length","1.5","cm"
"128","Site2_13/02/1930","Site2_13/02/1930_A11","Edgar Anderson","petal width","0.2","cm"
"129","Site3_01/12/1929","Site3_01/12/1929_A28","Edgar Anderson","sepal length","5.2","cm"
"130","Site3_01/12/1929","Site3_01/12/1929_A28","Edgar Anderson","sepal width","3.5","cm"
"131","Site3_01/12/1929","Site3_01/12/1929_A28","Edgar Anderson","petal length","1.5","cm"
"132","Site3_01/12/1929","Site3_01/12/1929_A28","Edgar Anderson","petal width","0.2","cm"
"133","Site3_01/12/1929","Site3_01/12/1929_A34","Edgar Anderson","sepal length","5.5","cm"
"134","Site3_01/12/1929","Site3_01/12/1929_A34","Edgar Anderson","sepal width","4.2","cm"
"135","Site3_01/12/1929","Site3_01/12/1929_A34","Edgar Anderson","petal length","1.4","cm"
"136","Site3_01/12/1929","Site3_01/12/1929_A34","Edgar Anderson","petal width","0.2","cm"
"137","Site3_01/12/1929","Site3_01/12/1929_A40","Edgar Anderson","sepal length","5.1","cm"
"138","Site3_01/12/1929","Site3_01/12/1929_A40","Edgar Anderson","sepal width","3.4","cm"
"139","Site3_01/12/1929","Site3_01/12/1929_A40","Edgar Anderson","petal length","1.5","cm"
"140","Site3_01/12/1929","Site3_01/12/1929_A40","Edgar Anderson","petal width","0.2","cm"
"141","Site1_01/12/1929","Site1_01/12/1929_A75","Edgar Anderson","sepal length","6.4","cm"
"142","Site1_01/12/1929","Site1_01/12/1929_A75","Edgar Anderson","sepal width","2.9","cm"
"143","Site1_01/12/1929","Site1_01/12/1929_A75","Edgar Anderson","petal length","4.3","cm"
"144","Site1_01/12/1929","Site1_01/12/1929_A75","Edgar Anderson","petal width","1.3","cm"
"145","Site2_13/02/1930","Site2_13/02/1930_A62","Edgar Anderson","sepal length","5.9","cm"
"146","Site2_13/02/1930","Site2_13/02/1930_A62","Edgar Anderson","sepal width","3","cm"
"147","Site2_13/02/1930","Site2_13/02/1930_A62","Edgar Anderson","petal length","4.2","cm"
"148","Site2_13/02/1930","Site2_13/02/1930_A62","Edgar Anderson","petal width","1.5","cm"
"149","Site3_01/12/1929","Site3_01/12/1929_A52","Edgar Anderson","sepal length","6.4","cm"
"150","Site3_01/12/1929","Site3_01/12/1929_A52","Edgar Anderson","sepal width","3.2","cm"
"151","Site3_01/12/1929","Site3_01/12/1929_A52","Edgar Anderson","petal length","4.5","cm"
"152","Site3_01/12/1929","Site3_01/12/1929_A52","Edgar Anderson","petal width","1.5","cm"
"153","Site3_01/12/1929","Site3_01/12/1929_A73","Edgar Anderson","sepal length","6.3","cm"
"154","Site3_01/12/1929","Site3_01/12/1929_A73","Edgar Anderson","sepal width","2.5","cm"
"155","Site3_01/12/1929","Site3_01/12/1929_A73","Edgar Anderson","petal length","4.9","cm"
"156","Site3_01/12/1929","Site3_01/12/1929_A73","Edgar Anderson","petal width","1.5","cm"
"157","Site3_01/12/1929","Site3_01/12/1929_A88","Edgar Anderson","sepal length","6.3","cm"
"158","Site3_01/12/1929","Site3_01/12/1929_A88","Edgar Anderson","sepal width","2.3","cm"
"159","Site3_01/12/1929","Site3_01/12/1929_A88","Edgar Anderson","petal length","4.4","cm"
"160","Site3_01/12/1929","Site3_01/12/1929_A88","Edgar Anderson","petal width","1.3","cm"
"161","Site1_01/12/1929","Site1_01/12/1929_A150","Edgar Anderson","sepal length","5.9","cm"
"162","Site1_01/12/1929","Site1_01/12/1929_A150","Edgar Anderson","sepal width","3","cm"
"163","Site1_01/12/1929","Site1_01/12/1929_A150","Edgar Anderson","petal length","5.1","cm"
"164","Site1_01/12/1929","Site1_01/12/1929_A150","Edgar Anderson","petal width","1.8","cm"
"165","Site2_13/02/1930","Site2_13/02/1930_A128","Edgar Anderson","sepal length","6.1","cm"
"166","Site2_13/02/1930","Site2_13/02/1930_A128","Edgar Anderson","sepal width","3","cm"
"167","Site2_13/02/1930","Site2_13/02/1930_A128","Edgar Anderson","petal length","4.9","cm"
"168","Site2_13/02/1930","Site2_13/02/1930_A128","Edgar Anderson","petal width","1.8","cm"
"169","Site3_01/12/1929","Site3_01/12/1929_A112","Edgar Anderson","sepal length","6.4","cm"
"170","Site3_01/12/1929","Site3_01/12/1929_A112","Edgar Anderson","sepal width","2.7","cm"
"171","Site3_01/12/1929","Site3_01/12/1929_A112","Edgar Anderson","petal length","5.3","cm"
"172","Site3_01/12/1929","Site3_01/12/1929_A112","Edgar Anderson","petal width","1.9","cm"
"173","Site3_01/12/1929","Site3_01/12/1929_A127","Edgar Anderson","sepal length","6.2","cm"
"174","Site3_01/12/1929","Site3_01/12/1929_A127","Edgar Anderson","sepal width","2.8","cm"
"175","Site3_01/12/1929","Site3_01/12/1929_A127","Edgar Anderson","petal length","4.8","cm"
"176","Site3_01/12/1929","Site3_01/12/1929_A127","Edgar Anderson","petal width","1.8","cm"
"177","Site2_13/02/1930","Site2_13/02/1930_A140","Edgar Anderson","sepal length","6.9","cm"
"178","Site2_13/02/1930","Site2_13/02/1930_A140","Edgar Anderson","sepal width","3.1","cm"
"179","Site2_13/02/1930","Site2_13/02/1930_A140","Edgar Anderson","petal length","5.4","cm"
"180","Site2_13/02/1930","Site2_13/02/1930_A140","Edgar Anderson","petal width","2.1","cm"
"181","Site2_13/02/1930","Site2_13/02/1930_A119","Edgar Anderson","sepal length","7.7","cm"
"182","Site2_13/02/1930","Site2_13/02/1930_A119","Edgar Anderson","sepal width","2.6","cm"
"183","Site2_13/02/1930","Site2_13/02/1930_A119","Edgar Anderson","petal length","6.9","cm"
"184","Site2_13/02/1930","Site2_13/02/1930_A119","Edgar Anderson","petal width","2.3","cm"
"185","Site3_01/12/1929","Site3_01/12/1929_A97","Edgar Anderson","sepal length","5.7","cm"
"186","Site3_01/12/1929","Site3_01/12/1929_A97","Edgar Anderson","sepal width","2.9","cm"
"187","Site3_01/12/1929","Site3_01/12/1929_A97","Edgar Anderson","petal length","4.2","cm"
"188","Site3_01/12/1929","Site3_01/12/1929_A97","Edgar Anderson","petal width","1.3","cm"
"189","Site3_01/12/1929","Site3_01/12/1929_A79","Edgar Anderson","sepal length","6","cm"
"190","Site3_01/12/1929","Site3_01/12/1929_A79","Edgar Anderson","sepal width","2.9","cm"
"191","Site3_01/12/1929","Site3_01/12/1929_A79","Edgar Anderson","petal length","4.5","cm"
"192","Site3_01/12/1929","Site3_01/12/1929_A79","Edgar Anderson","petal width","1.5","cm"
"193","Site1_01/12/1929","Site1_01/12/1929_A3","Edgar Anderson","sepal length","4.7","cm"
"194","Site1_01/12/1929","Site1_01/12/1929_A3","Edgar Anderson","sepal width","3.2","cm"
"195","Site1_01/12/1929","Site1_01/12/1929_A3","Edgar Anderson","petal length","1.3","cm"
"196","Site1_01/12/1929","Site1_01/12/1929_A3","Edgar Anderson","petal width","0.2","cm"
"197","Site1_01/12/1929","Site1_01/12/1929_A99","Edgar Anderson","sepal length","5.1","cm"
"198","Site1_01/12/1929","Site1_01/12/1929_A99","Edgar Anderson","sepal width","2.5","cm"
"199","Site1_01/12/1929","Site1_01/12/1929_A99","Edgar Anderson","petal length","3","cm"
"200","Site1_01/12/1929","Site1_01/12/1929_A99","Edgar Anderson","petal width","1.1","cm"
"201","Site2_13/02/1930","Site2_13/02/1930_A14","Edgar Anderson","sepal length","4.3","cm"
"202","Site2_13/02/1930","Site2_13/02/1930_A14","Edgar Anderson","sepal width","3","cm"
"203","Site2_13/02/1930","Site2_13/02/1930_A14","Edgar Anderson","petal length","1.1","cm"
"204","Site2_13/02/1930","Site2_13/02/1930_A14","Edgar Anderson","petal width","0.1","cm"
"205","Site2_13/02/1930","Site2_13/02/1930_A68","Edgar Anderson","sepal length","5.8","cm"
"206","Site2_13/02/1930","Site2_13/02/1930_A68","Edgar Anderson","sepal width","2.7","cm"
"207","Site2_13/02/1930","Site2_13/02/1930_A68","Edgar Anderson","petal length","4.1","cm"
"208","Site2_13/02/1930","Site2_13/02/1930_A68","Edgar Anderson","petal width","1","cm"
"209","Site3_01/12/1929","Site3_01/12/1929_A31","Edgar Anderson","sepal length","4.8","cm"
"210","Site3_01/12/1929","Site3_01/12/1929_A31","Edgar Anderson","sepal width","3.1","cm"
"211","Site3_01/12/1929","Site3_01/12/1929_A31","Edgar Anderson","petal length","1.6","cm"
"212","Site3_01/12/1929","Site3_01/12/1929_A31","Edgar Anderson","petal width","0.2","cm"
"213","Site1_01/12/1929","Site1_01/12/1929_A6","Edgar Anderson","sepal length","5.4","cm"
"214","Site1_01/12/1929","Site1_01/12/1929_A6","Edgar Anderson","sepal width","3.9","cm"
"215","Site1_01/12/1929","Site1_01/12/1929_A6","Edgar Anderson","petal length","1.7","cm"
"216","Site1_01/12/1929","Site1_01/12/1929_A6","Edgar Anderson","petal width","0.4","cm"
"217","Site3_01/12/1929","Site3_01/12/1929_A16","Edgar Anderson","sepal length","5.7","cm"
"218","Site3_01/12/1929","Site3_01/12/1929_A16","Edgar Anderson","sepal width","4.4","cm"
"219","Site3_01/12/1929","Site3_01/12/1929_A16","Edgar Anderson","petal length","1.5","cm"
"220","Site3_01/12/1929","Site3_01/12/1929_A16","Edgar Anderson","petal width","0.4","cm"
"221","Site2_13/02/1930","Site2_13/02/1930_A50","Edgar Anderson","sepal length","5","cm"
"222","Site2_13/02/1930","Site2_13/02/1930_A50","Edgar Anderson","sepal width","3.3","cm"
"223","Site2_13/02/1930","Site2_13/02/1930_A50","Edgar Anderson","petal length","1.4","cm"
"224","Site2_13/02/1930","Site2_13/02/1930_A50","Edgar Anderson","petal width","0.2","cm"
"225","Site3_01/12/1929","Site3_01/12/1929_A70","Edgar Anderson","sepal length","5.6","cm"
"226","Site3_01/12/1929","Site3_01/12/1929_A70","Edgar Anderson","sepal width","2.5","cm"
"227","Site3_01/12/1929","Site3_01/12/1929_A70","Edgar Anderson","petal length","3.9","cm"
"228","Site3_01/12/1929","Site3_01/12/1929_A70","Edgar Anderson","petal width","1.1","cm"
"229","Site1_01/12/1929","Site1_01/12/1929_A51","Edgar Anderson","sepal length","7","cm"
"230","Site1_01/12/1929","Site1_01/12/1929_A51","Edgar Anderson","sepal width","3.2","cm"
"231","Site1_01/12/1929","Site1_01/12/1929_A51","Edgar Anderson","petal length","4.7","cm"
"232","Site1_01/12/1929","Site1_01/12/1929_A51","Edgar Anderson","petal width","1.4","cm"
"233","Site1_01/12/1929","Site1_01/12/1929_A48","Edgar Anderson","sepal length","4.6","cm"
"234","Site1_01/12/1929","Site1_01/12/1929_A48","Edgar Anderson","sepal width","3.2","cm"
"235","Site1_01/12/1929","Site1_01/12/1929_A48","Edgar Anderson","petal length","1.4","cm"
"236","Site1_01/12/1929","Site1_01/12/1929_A48","Edgar Anderson","petal width","0.2","cm"
"237","Site2_13/02/1930","Site2_13/02/1930_A104","Edgar Anderson","sepal length","6.3","cm"
"238","Site2_13/02/1930","Site2_13/02/1930_A104","Edgar Anderson","sepal width","2.9","cm"
"239","Site2_13/02/1930","Site2_13/02/1930_A104","Edgar Anderson","petal length","5.6","cm"
"240","Site2_13/02/1930","Site2_13/02/1930_A104","Edgar Anderson","petal width","1.8","cm"
"241","Site1_01/12/1929","Site1_01/12/1929_A24","Edgar Anderson","sepal length","5.1","cm"
"242","Site1_01/12/1929","Site1_01/12/1929_A24","Edgar Anderson","sepal width","3.3","cm"
"243","Site1_01/12/1929","Site1_01/12/1929_A24","Edgar Anderson","petal length","1.7","cm"
"244","Site1_01/12/1929","Site1_01/12/1929_A24","Edgar Anderson","petal width","0.5","cm"
"245","Site3_01/12/1929","Site3_01/12/1929_A94","Edgar Anderson","sepal length","5","cm"
"246","Site3_01/12/1929","Site3_01/12/1929_A94","Edgar Anderson","sepal width","2.3","cm"
"247","Site3_01/12/1929","Site3_01/12/1929_A94","Edgar Anderson","petal length","3.3","cm"
"248","Site3_01/12/1929","Site3_01/12/1929_A94","Edgar Anderson","petal width","1","cm"
"249","Site2_13/02/1930","Site2_13/02/1930_A143","Edgar Anderson","sepal length","5.8","cm"
"250","Site2_13/02/1930","Site2_13/02/1930_A143","Edgar Anderson","sepal width","2.7","cm"
"251","Site2_13/02/1930","Site2_13/02/1930_A143","Edgar Anderson","petal length","5.1","cm"
"252","Site2_13/02/1930","Site2_13/02/1930_A143","Edgar Anderson","petal width","1.9","cm"
"253","Site1_01/12/1929","Site1_01/12/1929_A132","Edgar Anderson","sepal length","7.9","cm"
"254","Site1_01/12/1929","Site1_01/12/1929_A132","Edgar Anderson","sepal width","3.8","cm"
"255","Site1_01/12/1929","Site1_01/12/1929_A132","Edgar Anderson","petal length","6.4","cm"
"256","Site1_01/12/1929","Site1_01/12/1929_A132","Edgar Anderson","petal width","2","cm"
"257","Site2_13/02/1930","Site2_13/02/1930_A131","Edgar Anderson","sepal length","7.4","cm"
"258","Site2_13/02/1930","Site2_13/02/1930_A131","Edgar Anderson","sepal width","2.8","cm"
"259","Site2_13/02/1930","Site2_13/02/1930_A131","Edgar Anderson","petal length","6.1","cm"
"260","Site2_13/02/1930","Site2_13/02/1930_A131","Edgar Anderson","petal width","1.9","cm"
"261","Site1_01/12/1929","Site1_01/12/1929_A42","Edgar Anderson","sepal length","4.5","cm"
"262","Site1_01/12/1929","Site1_01/12/1929_A42","Edgar Anderson","sepal width","2.3","cm"
"263","Site1_01/12/1929","Site1_01/12/1929_A42","Edgar Anderson","petal length","1.3","cm"
"264","Site1_01/12/1929","Site1_01/12/1929_A42","Edgar Anderson","petal width","0.3","cm"
"265","Site3_01/12/1929","Site3_01/12/1929_A136","Edgar Anderson","sepal length","7.7","cm"
"266","Site3_01/12/1929","Site3_01/12/1929_A136","Edgar Anderson","sepal width","3","cm"
"267","Site3_01/12/1929","Site3_01/12/1929_A136","Edgar Anderson","petal length","6.1","cm"
"268","Site3_01/12/1929","Site3_01/12/1929_A136","Edgar Anderson","petal width","2.3","cm"
"269","Site4_01/12/1929","Site4_01/12/1929_A43","Edgar Anderson","sepal length","4.4","cm"
"270","Site4_01/12/1929","Site4_01/12/1929_A43","Edgar Anderson","sepal width","3.2","cm"
"271","Site4_01/12/1929","Site4_01/12/1929_A43","Edgar Anderson","petal length","1.3","cm"
"272","Site4_01/12/1929","Site4_01/12/1929_A43","Edgar Anderson","petal width","0.2","cm"
"273","Site2_13/02/1930","Site2_13/02/1930_A20","Edgar Anderson","sepal length","5.1","cm"
"274","Site2_13/02/1930","Site2_13/02/1930_A20","Edgar Anderson","sepal width","3.8","cm"
"275","Site2_13/02/1930","Site2_13/02/1930_A20","Edgar Anderson","petal length","1.5","cm"
"276","Site2_13/02/1930","Site2_13/02/1930_A20","Edgar Anderson","petal width","0.3","cm"
"277","Site3_01/12/1929","Site3_01/12/1929_A145","Edgar Anderson","sepal length","6.7","cm"
"278","Site3_01/12/1929","Site3_01/12/1929_A145","Edgar Anderson","sepal width","3.3","cm"
"279","Site3_01/12/1929","Site3_01/12/1929_A145","Edgar Anderson","petal length","5.7","cm"
"280","Site3_01/12/1929","Site3_01/12/1929_A145","Edgar Anderson","petal width","2.5","cm"
"281","Site2_13/02/1930","Site2_13/02/1930_A80","Edgar Anderson","sepal length","5.7","cm"
"282","Site2_13/02/1930","Site2_13/02/1930_A80","Edgar Anderson","sepal width","2.6","cm"
"283","Site2_13/02/1930","Site2_13/02/1930_A80","Edgar Anderson","petal length","3.5","cm"
"284","Site2_13/02/1930","Site2_13/02/1930_A80","Edgar Anderson","petal width","1","cm"
"285","Site1_01/12/1929","Site1_01/12/1929_A69","Edgar Anderson","sepal length","6.2","cm"
"286","Site1_01/12/1929","Site1_01/12/1929_A69","Edgar Anderson","sepal width","2.2","cm"
"287","Site1_01/12/1929","Site1_01/12/1929_A69","Edgar Anderson","petal length","4.5","cm"
"288","Site1_01/12/1929","Site1_01/12/1929_A69","Edgar Anderson","petal width","1.5","cm"
"289","Site1_01/12/1929","Site1_01/12/1929_A18","Edgar Anderson","sepal length","5.1","cm"
"290","Site1_01/12/1929","Site1_01/12/1929_A18","Edgar Anderson","sepal width","3.5","cm"
"291","Site1_01/12/1929","Site1_01/12/1929_A18","Edgar Anderson","petal length","1.4","cm"
"292","Site1_01/12/1929","Site1_01/12/1929_A18","Edgar Anderson","petal width","0.3","cm"
"293","Site1_01/12/1929","Site1_01/12/1929_A27","Edgar Anderson","sepal length","5","cm"
"294","Site1_01/12/1929","Site1_01/12/1929_A27","Edgar Anderson","sepal width","3.4","cm"
"295","Site1_01/12/1929","Site1_01/12/1929_A27","Edgar Anderson","petal length","1.6","cm"
"296","Site1_01/12/1929","Site1_01/12/1929_A27","Edgar Anderson","petal width","0.4","cm"
"297","Site2_13/02/1930","Site2_13/02/1930_A149","Edgar Anderson","sepal length","6.2","cm"
"298","Site2_13/02/1930","Site2_13/02/1930_A149","Edgar Anderson","sepal width","3.4","cm"
"299","Site2_13/02/1930","Site2_13/02/1930_A149","Edgar Anderson","petal length","5.4","cm"
"300","Site2_13/02/1930","Site2_13/02/1930_A149","Edgar Anderson","petal width","2.3","cm"
"301","Site3_01/12/1929","Site3_01/12/1929_A67","Edgar Anderson","sepal length","5.6","cm"
"302","Site3_01/12/1929","Site3_01/12/1929_A67","Edgar Anderson","sepal width","3","cm"
"303","Site3_01/12/1929","Site3_01/12/1929_A67","Edgar Anderson","petal length","4.5","cm"
"304","Site3_01/12/1929","Site3_01/12/1929_A67","Edgar Anderson","petal width","1.5","cm"
"305","Site2_13/02/1930","Site2_13/02/1930_A98","Edgar Anderson","sepal length","6.2","cm"
"306","Site2_13/02/1930","Site2_13/02/1930_A98","Edgar Anderson","sepal width","2.9","cm"
"307","Site2_13/02/1930","Site2_13/02/1930_A98","Edgar Anderson","petal length","4.3","cm"
"308","Site2_13/02/1930","Site2_13/02/1930_A98","Edgar Anderson","petal width","1.3","cm"
"309","Site2_13/02/1930","Site2_13/02/1930_A92","Edgar Anderson","sepal length","6.1","cm"
"310","Site2_13/02/1930","Site2_13/02/1930_A92","Edgar Anderson","sepal width","3","cm"
"311","Site2_13/02/1930","Site2_13/02/1930_A92","Edgar Anderson","petal length","4.6","cm"
"312","Site2_13/02/1930","Site2_13/02/1930_A92","Edgar Anderson","petal width","1.4","cm"
"313","Site1_01/12/1929","Site1_01/12/1929_A87","Edgar Anderson","sepal length","6.7","cm"
"314","Site1_01/12/1929","Site1_01/12/1929_A87","Edgar Anderson","sepal width","3.1","cm"
"315","Site1_01/12/1929","Site1_01/12/1929_A87","Edgar Anderson","petal length","4.7","cm"
"316","Site1_01/12/1929","Site1_01/12/1929_A87","Edgar Anderson","petal width","1.5","cm"
"317","Site1_01/12/1929","Site1_01/12/1929_A66","Edgar Anderson","sepal length","6.7","cm"
"318","Site1_01/12/1929","Site1_01/12/1929_A66","Edgar Anderson","sepal width","3.1","cm"
"319","Site1_01/12/1929","Site1_01/12/1929_A66","Edgar Anderson","petal length","4.4","cm"
"320","Site1_01/12/1929","Site1_01/12/1929_A66","Edgar Anderson","petal width","1.4","cm"
"321","Site3_01/12/1929","Site3_01/12/1929_A46","Edgar Anderson","sepal length","4.8","cm"
"322","Site3_01/12/1929","Site3_01/12/1929_A46","Edgar Anderson","sepal width","3","cm"
"323","Site3_01/12/1929","Site3_01/12/1929_A46","Edgar Anderson","petal length","1.4","cm"
"324","Site3_01/12/1929","Site3_01/12/1929_A46","Edgar Anderson","petal width","0.3","cm"
"325","Site3_01/12/1929","Site3_01/12/1929_A22","Edgar Anderson","sepal length","5.1","cm"
"326","Site3_01/12/1929","Site3_01/12/1929_A22","Edgar Anderson","sepal width","3.7","cm"
"327","Site3_01/12/1929","Site3_01/12/1929_A22","Edgar Anderson","petal length","1.5","cm"
"328","Site3_01/12/1929","Site3_01/12/1929_A22","Edgar Anderson","petal width","0.4","cm"
"329","Site2_13/02/1930","Site2_13/02/1930_A35","Edgar Anderson","sepal length","4.9","cm"
"330","Site2_13/02/1930","Site2_13/02/1930_A35","Edgar Anderson","sepal width","3.1","cm"
"331","Site2_13/02/1930","Site2_13/02/1930_A35","Edgar Anderson","petal length","1.5","cm"
"332","Site2_13/02/1930","Site2_13/02/1930_A35","Edgar Anderson","petal width","0.2","cm"
"333","Site2_13/02/1930","Site2_13/02/1930_A32","Edgar Anderson","sepal length","5.4","cm"
"334","Site2_13/02/1930","Site2_13/02/1930_A32","Edgar Anderson","sepal width","3.4","cm"
"335","Site2_13/02/1930","Site2_13/02/1930_A32","Edgar Anderson","petal length","1.5","cm"
"336","Site2_13/02/1930","Site2_13/02/1930_A32","Edgar Anderson","petal width","0.4","cm"
"337","Site2_13/02/1930","Site2_13/02/1930_A26","Edgar Anderson","sepal length","5","cm"
"338","Site2_13/02/1930","Site2_13/02/1930_A26","Edgar Anderson","sepal width","3","cm"
"339","Site2_13/02/1930","Site2_13/02/1930_A26","Edgar Anderson","petal length","1.6","cm"
"340","Site2_13/02/1930","Site2_13/02/1930_A26","Edgar Anderson","petal width","0.2","cm"
"341","Site1_01/12/1929","Site1_01/12/1929_A36","Edgar Anderson","sepal length","5","cm"
"342","Site1_01/12/1929","Site1_01/12/1929_A36","Edgar Anderson","sepal width","3.2","cm"
"343","Site1_01/12/1929","Site1_01/12/1929_A36","Edgar Anderson","petal length","1.2","cm"
"344","Site1_01/12/1929","Site1_01/12/1929_A36","Edgar Anderson","petal width","0.2","cm"
"345","Site1_01/12/1929","Site1_01/12/1929_A33","Edgar Anderson","sepal length","5.2","cm"
"346","Site1_01/12/1929","Site1_01/12/1929_A33","Edgar Anderson","sepal width","4.1","cm"
"347","Site1_01/12/1929","Site1_01/12/1929_A33","Edgar Anderson","petal length","1.5","cm"
"348","Site1_01/12/1929","Site1_01/12/1929_A33","Edgar Anderson","petal width","0.1","cm"
"349","Site1_01/12/1929","Site1_01/12/1929_A21","Edgar Anderson","sepal length","5.4","cm"
"350","Site1_01/12/1929","Site1_01/12/1929_A21","Edgar Anderson","sepal width","3.4","cm"
"351","Site1_01/12/1929","Site1_01/12/1929_A21","Edgar Anderson","petal length","1.7","cm"
"352","Site1_01/12/1929","Site1_01/12/1929_A21","Edgar Anderson","petal width","0.2","cm"
"353","Site3_01/12/1929","Site3_01/12/1929_A124","Edgar Anderson","sepal length","6.3","cm"
"354","Site3_01/12/1929","Site3_01/12/1929_A124","Edgar Anderson","sepal width","2.7","cm"
"355","Site3_01/12/1929","Site3_01/12/1929_A124","Edgar Anderson","petal length","4.9","cm"
"356","Site3_01/12/1929","Site3_01/12/1929_A124","Edgar Anderson","petal width","1.8","cm"
"357","Site1_01/12/1929","Site1_01/12/1929_A39","Edgar Anderson","sepal length","4.4","cm"
"358","Site1_01/12/1929","Site1_01/12/1929_A39","Edgar Anderson","sepal width","3","cm"
"359","Site1_01/12/1929","Site1_01/12/1929_A39","Edgar Anderson","petal length","1.3","cm"
"360","Site1_01/12/1929","Site1_01/12/1929_A39","Edgar Anderson","petal width","0.2","cm"
"361","Site2_13/02/1930","Site2_13/02/1930_A47","Edgar Anderson","sepal length","5.1","cm"
"362","Site2_13/02/1930","Site2_13/02/1930_A47","Edgar Anderson","sepal width","3.8","cm"
"363","Site2_13/02/1930","Site2_13/02/1930_A47","Edgar Anderson","petal length","1.6","cm"
"364","Site2_13/02/1930","Site2_13/02/1930_A47","Edgar Anderson","petal width","0.2","cm"
"365","Site3_01/12/1929","Site3_01/12/1929_A1","Edgar Anderson","sepal length","5.1","cm"
"366","Site3_01/12/1929","Site3_01/12/1929_A1","Edgar Anderson","sepal width","3.5","cm"
"367","Site3_01/12/1929","Site3_01/12/1929_A1","Edgar Anderson","petal length","1.4","cm"
"368","Site3_01/12/1929","Site3_01/12/1929_A1","Edgar Anderson","petal width","0.2","cm"
"369","Site3_01/12/1929","Site3_01/12/1929_A7","Edgar Anderson","sepal length","4.6","cm"
"370","Site3_01/12/1929","Site3_01/12/1929_A7","Edgar Anderson","sepal width","3.4","cm"
"371","Site3_01/12/1929","Site3_01/12/1929_A7","Edgar Anderson","petal length","1.4","cm"
"372","Site3_01/12/1929","Site3_01/12/1929_A7","Edgar Anderson","petal width","0.3","cm"
"373","Site1_01/12/1929","Site1_01/12/1929_A93","Edgar Anderson","sepal length","5.8","cm"
"374","Site1_01/12/1929","Site1_01/12/1929_A93","Edgar Anderson","sepal width","2.6","cm"
"375","Site1_01/12/1929","Site1_01/12/1929_A93","Edgar Anderson","petal length","4","cm"
"376","Site1_01/12/1929","Site1_01/12/1929_A93","Edgar Anderson","petal width","1.2","cm"
"377","Site2_13/02/1930","Site2_13/02/1930_A74","Edgar Anderson","sepal length","6.1","cm"
"378","Site2_13/02/1930","Site2_13/02/1930_A74","Edgar Anderson","sepal width","2.8","cm"
"379","Site2_13/02/1930","Site2_13/02/1930_A74","Edgar Anderson","petal length","4.7","cm"
"380","Site2_13/02/1930","Site2_13/02/1930_A74","Edgar Anderson","petal width","1.2","cm"
"381","Site2_13/02/1930","Site2_13/02/1930_A83","Edgar Anderson","sepal length","5.8","cm"
"382","Site2_13/02/1930","Site2_13/02/1930_A83","Edgar Anderson","sepal width","2.7","cm"
"383","Site2_13/02/1930","Site2_13/02/1930_A83","Edgar Anderson","petal length","3.9","cm"
"384","Site2_13/02/1930","Site2_13/02/1930_A83","Edgar Anderson","petal width","1.2","cm"
"385","Site2_13/02/1930","Site2_13/02/1930_A89","Edgar Anderson","sepal length","5.6","cm"
"386","Site2_13/02/1930","Site2_13/02/1930_A89","Edgar Anderson","sepal width","3","cm"
"387","Site2_13/02/1930","Site2_13/02/1930_A89","Edgar Anderson","petal length","4.1","cm"
"388","Site2_13/02/1930","Site2_13/02/1930_A89","Edgar Anderson","petal width","1.3","cm"
"389","Site3_01/12/1929","Site3_01/12/1929_A58","Edgar Anderson","sepal length","4.9","cm"
"390","Site3_01/12/1929","Site3_01/12/1929_A58","Edgar Anderson","sepal width","2.4","cm"
"391","Site3_01/12/1929","Site3_01/12/1929_A58","Edgar Anderson","petal length","3.3","cm"
"392","Site3_01/12/1929","Site3_01/12/1929_A58","Edgar Anderson","petal width","1","cm"
"393","Site3_01/12/1929","Site3_01/12/1929_A91","Edgar Anderson","sepal length","5.5","cm"
"394","Site3_01/12/1929","Site3_01/12/1929_A91","Edgar Anderson","sepal width","2.6","cm"
"395","Site3_01/12/1929","Site3_01/12/1929_A91","Edgar Anderson","petal length","4.4","cm"
"396","Site3_01/12/1929","Site3_01/12/1929_A91","Edgar Anderson","petal width","1.2","cm"
"397","Site1_01/12/1929","Site1_01/12/1929_A102","Edgar Anderson","sepal length","5.8","cm"
"398","Site1_01/12/1929","Site1_01/12/1929_A102","Edgar Anderson","sepal width","2.7","cm"
"399","Site1_01/12/1929","Site1_01/12/1929_A102","Edgar Anderson","petal length","5.1","cm"
"400","Site1_01/12/1929","Site1_01/12/1929_A102","Edgar Anderson","petal width","1.9","cm"
"401","Site1_01/12/1929","Site1_01/12/1929_A120","Edgar Anderson","sepal length","6","cm"
"402","Site1_01/12/1929","Site1_01/12/1929_A120","Edgar Anderson","sepal width","2.2","cm"
"403","Site1_01/12/1929","Site1_01/12/1929_A120","Edgar Anderson","petal length","5","cm"
"404","Site1_01/12/1929","Site1_01/12/1929_A120","Edgar Anderson","petal width","1.5","cm"
"405","Site2_13/02/1930","Site2_13/02/1930_A107","Edgar Anderson","sepal length","4.9","cm"
"406","Site2_13/02/1930","Site2_13/02/1930_A107","Edgar Anderson","sepal width","2.5","cm"
"407","Site2_13/02/1930","Site2_13/02/1930_A107","Edgar Anderson","petal length","4.5","cm"
"408","Site2_13/02/1930","Site2_13/02/1930_A107","Edgar Anderson","petal width","1.7","cm"
"409","Site3_01/12/1929","Site3_01/12/1929_A109","Edgar Anderson","sepal length","6.7","cm"
"410","Site3_01/12/1929","Site3_01/12/1929_A109","Edgar Anderson","sepal width","2.5","cm"
"411","Site3_01/12/1929","Site3_01/12/1929_A109","Edgar Anderson","petal length","5.8","cm"
"412","Site3_01/12/1929","Site3_01/12/1929_A109","Edgar Anderson","petal width","1.8","cm"
"413","Site3_01/12/1929","Site3_01/12/1929_A133","Edgar Anderson","sepal length","6.4","cm"
"414","Site3_01/12/1929","Site3_01/12/1929_A133","Edgar Anderson","sepal width","2.8","cm"
"415","Site3_01/12/1929","Site3_01/12/1929_A133","Edgar Anderson","petal length","5.6","cm"
"416","Site3_01/12/1929","Site3_01/12/1929_A133","Edgar Anderson","petal width","2.2","cm"
"417","Site2_13/02/1930","Site2_13/02/1930_A146","Edgar Anderson","sepal length","6.7","cm"
"418","Site2_13/02/1930","Site2_13/02/1930_A146","Edgar Anderson","sepal width","3","cm"
"419","Site2_13/02/1930","Site2_13/02/1930_A146","Edgar Anderson","petal length","5.2","cm"
"420","Site2_13/02/1930","Site2_13/02/1930_A146","Edgar Anderson","petal width","2.3","cm"
"421","Site2_13/02/1930","Site2_13/02/1930_A125","Edgar Anderson","sepal length","6.7","cm"
"422","Site2_13/02/1930","Site2_13/02/1930_A125","Edgar Anderson","sepal width","3.3","cm"
"423","Site2_13/02/1930","Site2_13/02/1930_A125","Edgar Anderson","petal length","5.7","cm"
"424","Site2_13/02/1930","Site2_13/02/1930_A125","Edgar Anderson","petal width","2.1","cm"
"425","Site3_01/12/1929","Site3_01/12/1929_A4","Edgar Anderson","sepal length","4.6","cm"
"426","Site3_01/12/1929","Site3_01/12/1929_A4","Edgar Anderson","sepal width","3.1","cm"
"427","Site3_01/12/1929","Site3_01/12/1929_A4","Edgar Anderson","petal length","1.5","cm"
"428","Site3_01/12/1929","Site3_01/12/1929_A4","Edgar Anderson","petal width","0.2","cm"
"429","Site3_01/12/1929","Site3_01/12/1929_A55","Edgar Anderson","sepal length","6.5","cm"
"430","Site3_01/12/1929","Site3_01/12/1929_A55","Edgar Anderson","sepal width","2.8","cm"
"431","Site3_01/12/1929","Site3_01/12/1929_A55","Edgar Anderson","petal length","4.6","cm"
"432","Site3_01/12/1929","Site3_01/12/1929_A55","Edgar Anderson","petal width","1.5","cm"
"433","Site1_01/12/1929","Site1_01/12/1929_A60","Edgar Anderson","sepal length","5.2","cm"
"434","Site1_01/12/1929","Site1_01/12/1929_A60","Edgar Anderson","sepal width","2.7","cm"
"435","Site1_01/12/1929","Site1_01/12/1929_A60","Edgar Anderson","petal length","3.9","cm"
"436","Site1_01/12/1929","Site1_01/12/1929_A60","Edgar Anderson","petal width","1.4","cm"
"437","Site2_13/02/1930","Site2_13/02/1930_A53","Edgar Anderson","sepal length","6.9","cm"
"438","Site2_13/02/1930","Site2_13/02/1930_A53","Edgar Anderson","sepal width","3.1","cm"
"439","Site2_13/02/1930","Site2_13/02/1930_A53","Edgar Anderson","petal length","4.9","cm"
"440","Site2_13/02/1930","Site2_13/02/1930_A53","Edgar Anderson","petal width","1.5","cm"
"441","Site2_13/02/1930","Site2_13/02/1930_A65","Edgar Anderson","sepal length","5.6","cm"
"442","Site2_13/02/1930","Site2_13/02/1930_A65","Edgar Anderson","sepal width","2.9","cm"
"443","Site2_13/02/1930","Site2_13/02/1930_A65","Edgar Anderson","petal length","3.6","cm"
"444","Site2_13/02/1930","Site2_13/02/1930_A65","Edgar Anderson","petal width","1.3","cm"
"445","Site2_13/02/1930","Site2_13/02/1930_A5","Edgar Anderson","sepal length","5","cm"
"446","Site2_13/02/1930","Site2_13/02/1930_A5","Edgar Anderson","sepal width","3.6","cm"
"447","Site2_13/02/1930","Site2_13/02/1930_A5","Edgar Anderson","petal length","1.4","cm"
"448","Site2_13/02/1930","Site2_13/02/1930_A5","Edgar Anderson","petal width","0.2","cm"
"449","Site3_01/12/1929","Site3_01/12/1929_A37","Edgar Anderson","sepal length","5.5","cm"
"450","Site3_01/12/1929","Site3_01/12/1929_A37","Edgar Anderson","sepal width","3.5","cm"
"451","Site3_01/12/1929","Site3_01/12/1929_A37","Edgar Anderson","petal length","1.3","cm"
"452","Site3_01/12/1929","Site3_01/12/1929_A37","Edgar Anderson","petal width","0.2","cm"
"453","Site3_01/12/1929","Site3_01/12/1929_A19","Edgar Anderson","sepal length","5.7","cm"
"454","Site3_01/12/1929","Site3_01/12/1929_A19","Edgar Anderson","sepal width","3.8","cm"
"455","Site3_01/12/1929","Site3_01/12/1929_A19","Edgar Anderson","petal length","1.7","cm"
"456","Site3_01/12/1929","Site3_01/12/1929_A19","Edgar Anderson","petal width","0.3","cm"
"457","Site3_01/12/1929","Site3_01/12/1929_A64","Edgar Anderson","sepal length","6.1","cm"
"458","Site3_01/12/1929","Site3_01/12/1929_A64","Edgar Anderson","sepal width","2.9","cm"
"459","Site3_01/12/1929","Site3_01/12/1929_A64","Edgar Anderson","petal length","4.7","cm"
"460","Site3_01/12/1929","Site3_01/12/1929_A64","Edgar Anderson","petal width","1.4","cm"
"461","Site2_13/02/1930","Site2_13/02/1930_A2","Edgar Anderson","sepal length","4.9","cm"
"462","Site2_13/02/1930","Site2_13/02/1930_A2","Edgar Anderson","sepal width","3","cm"
"463","Site2_13/02/1930","Site2_13/02/1930_A2","Edgar Anderson","petal length","1.4","cm"
"464","Site2_13/02/1930","Site2_13/02/1930_A2","Edgar Anderson","petal width","0.2","cm"
"465","Site3_01/12/1929","Site3_01/12/1929_A100","Edgar Anderson","sepal length","5.7","cm"
"466","Site3_01/12/1929","Site3_01/12/1929_A100","Edgar Anderson","sepal width","2.8","cm"
"467","Site3_01/12/1929","Site3_01/12/1929_A100","Edgar Anderson","petal length","4.1","cm"
"468","Site3_01/12/1929","Site3_01/12/1929_A100","Edgar Anderson","petal width","1.3","cm"
"469","Site1_01/12/1929","Site1_01/12/1929_A81","Edgar Anderson","sepal length","5.5","cm"
"470","Site1_01/12/1929","Site1_01/12/1929_A81","Edgar Anderson","sepal width","2.4","cm"
"471","Site1_01/12/1929","Site1_01/12/1929_A81","Edgar Anderson","petal length","3.8","cm"
"472","Site1_01/12/1929","Site1_01/12/1929_A81","Edgar Anderson","petal width","1.1","cm"
"473","Site1_01/12/1929","Site1_01/12/1929_A108","Edgar Anderson","sepal length","7.3","cm"
"474","Site1_01/12/1929","Site1_01/12/1929_A108","Edgar Anderson","sepal width","2.9","cm"
"475","Site1_01/12/1929","Site1_01/12/1929_A108","Edgar Anderson","petal length","6.3","cm"
"476","Site1_01/12/1929","Site1_01/12/1929_A108","Edgar Anderson","petal width","1.8","cm"
"477","Site3_01/12/1929","Site3_01/12/1929_A49","Edgar Anderson","sepal length","5.3","cm"
"478","Site3_01/12/1929","Site3_01/12/1929_A49","Edgar Anderson","sepal width","3.7","cm"
"479","Site3_01/12/1929","Site3_01/12/1929_A49","Edgar Anderson","petal length","1.5","cm"
"480","Site3_01/12/1929","Site3_01/12/1929_A49","Edgar Anderson","petal width","0.2","cm"
"481","Site1_01/12/1929","Site1_01/12/1929_A90","Edgar Anderson","sepal length","5.5","cm"
"482","Site1_01/12/1929","Site1_01/12/1929_A90","Edgar Anderson","sepal width","2.5","cm"
"483","Site1_01/12/1929","Site1_01/12/1929_A90","Edgar Anderson","petal length","4","cm"
"484","Site1_01/12/1929","Site1_01/12/1929_A90","Edgar Anderson","petal width","1.3","cm"
"485","Site2_13/02/1930","Site2_13/02/1930_A113","Edgar Anderson","sepal length","6.8","cm"
"486","Site2_13/02/1930","Site2_13/02/1930_A113","Edgar Anderson","sepal width","3","cm"
"487","Site2_13/02/1930","Site2_13/02/1930_A113","Edgar Anderson","petal length","5.5","cm"
"488","Site2_13/02/1930","Site2_13/02/1930_A113","Edgar Anderson","petal width","2.1","cm"
"489","Site2_13/02/1930","Site2_13/02/1930_A95","Edgar Anderson","sepal length","5.6","cm"
"490","Site2_13/02/1930","Site2_13/02/1930_A95","Edgar Anderson","sepal width","2.7","cm"
"491","Site2_13/02/1930","Site2_13/02/1930_A95","Edgar Anderson","petal length","4.2","cm"
"492","Site2_13/02/1930","Site2_13/02/1930_A95","Edgar Anderson","petal width","1.3","cm"
"493","Site1_01/12/1929","Site1_01/12/1929_A111","Edgar Anderson","sepal length","6.5","cm"
"494","Site1_01/12/1929","Site1_01/12/1929_A111","Edgar Anderson","sepal width","3.2","cm"
"495","Site1_01/12/1929","Site1_01/12/1929_A111","Edgar Anderson","petal length","5.1","cm"
"496","Site1_01/12/1929","Site1_01/12/1929_A111","Edgar Anderson","petal width","2","cm"
"497","Site1_01/12/1929","Site1_01/12/1929_A9","Edgar Anderson","sepal length","4.4","cm"
"498","Site1_01/12/1929","Site1_01/12/1929_A9","Edgar Anderson","sepal width","2.9","cm"
"499","Site1_01/12/1929","Site1_01/12/1929_A9","Edgar Anderson","petal length","1.4","cm"
"500","Site1_01/12/1929","Site1_01/12/1929_A9","Edgar Anderson","petal width","0.2","cm"
"501","Site2_13/02/1930","Site2_13/02/1930_A122","Edgar Anderson","sepal length","5.6","cm"
"502","Site2_13/02/1930","Site2_13/02/1930_A122","Edgar Anderson","sepal width","2.8","cm"
"503","Site2_13/02/1930","Site2_13/02/1930_A122","Edgar Anderson","petal length","4.9","cm"
"504","Site2_13/02/1930","Site2_13/02/1930_A122","Edgar Anderson","petal width","2","cm"
"505","Site1_01/12/1929","Site1_01/12/1929_A114","Edgar Anderson","sepal length","5.7","cm"
"506","Site1_01/12/1929","Site1_01/12/1929_A114","Edgar Anderson","sepal width","2.5","cm"
"507","Site1_01/12/1929","Site1_01/12/1929_A114","Edgar Anderson","petal length","5","cm"
"508","Site1_01/12/1929","Site1_01/12/1929_A114","Edgar Anderson","petal width","2","cm"
"509","Site2_13/02/1930","Site2_13/02/1930_A77","Edgar Anderson","sepal length","6.8","cm"
"510","Site2_13/02/1930","Site2_13/02/1930_A77","Edgar Anderson","sepal width","2.8","cm"
"511","Site2_13/02/1930","Site2_13/02/1930_A77","Edgar Anderson","petal length","4.8","cm"
"512","Site2_13/02/1930","Site2_13/02/1930_A77","Edgar Anderson","petal width","1.4","cm"
"513","Site1_01/12/1929","Site1_01/12/1929_A105","Edgar Anderson","sepal length","6.5","cm"
"514","Site1_01/12/1929","Site1_01/12/1929_A105","Edgar Anderson","sepal width","3","cm"
"515","Site1_01/12/1929","Site1_01/12/1929_A105","Edgar Anderson","petal length","5.8","cm"
"516","Site1_01/12/1929","Site1_01/12/1929_A105","Edgar Anderson","petal width","2.2","cm"
"517","Site3_01/12/1929","Site3_01/12/1929_A10","Edgar Anderson","sepal length","4.9","cm"
"518","Site3_01/12/1929","Site3_01/12/1929_A10","Edgar Anderson","sepal width","3.1","cm"
"519","Site3_01/12/1929","Site3_01/12/1929_A10","Edgar Anderson","petal length","1.5","cm"
"520","Site3_01/12/1929","Site3_01/12/1929_A10","Edgar Anderson","petal width","0.1","cm"
"521","Site2_13/02/1930","Site2_13/02/1930_A110","Edgar Anderson","sepal length","7.2","cm"
"522","Site2_13/02/1930","Site2_13/02/1930_A110","Edgar Anderson","sepal width","3.6","cm"
"523","Site2_13/02/1930","Site2_13/02/1930_A110","Edgar Anderson","petal length","6.1","cm"
"524","Site2_13/02/1930","Site2_13/02/1930_A110","Edgar Anderson","petal width","2.5","cm"
"525","Site3_01/12/1929","Site3_01/12/1929_A25","Edgar Anderson","sepal length","4.8","cm"
"526","Site3_01/12/1929","Site3_01/12/1929_A25","Edgar Anderson","sepal width","3.4","cm"
"527","Site3_01/12/1929","Site3_01/12/1929_A25","Edgar Anderson","petal length","1.9","cm"
"528","Site3_01/12/1929","Site3_01/12/1929_A25","Edgar Anderson","petal width","0.2","cm"
"529","Site2_13/02/1930","Site2_13/02/1930_A38","Edgar Anderson","sepal length","4.9","cm"
"530","Site2_13/02/1930","Site2_13/02/1930_A38","Edgar Anderson","sepal width","3.6","cm"
"531","Site2_13/02/1930","Site2_13/02/1930_A38","Edgar Anderson","petal length","1.4","cm"
"532","Site2_13/02/1930","Site2_13/02/1930_A38","Edgar Anderson","petal width","0.1","cm"
"533","Site2_13/02/1930","Site2_13/02/1930_A71","Edgar Anderson","sepal length","5.9","cm"
"534","Site2_13/02/1930","Site2_13/02/1930_A71","Edgar Anderson","sepal width","3.2","cm"
"535","Site2_13/02/1930","Site2_13/02/1930_A71","Edgar Anderson","petal length","4.8","cm"
"536","Site2_13/02/1930","Site2_13/02/1930_A71","Edgar Anderson","petal width","1.8","cm"
"537","Site1_01/12/1929","Site1_01/12/1929_A30","Edgar Anderson","sepal length","4.7","cm"
"538","Site1_01/12/1929","Site1_01/12/1929_A30","Edgar Anderson","sepal width","3.2","cm"
"539","Site1_01/12/1929","Site1_01/12/1929_A30","Edgar Anderson","petal length","1.6","cm"
"540","Site1_01/12/1929","Site1_01/12/1929_A30","Edgar Anderson","petal width","0.2","cm"
"541","Site1_01/12/1929","Site1_01/12/1929_A12","Edgar Anderson","sepal length","4.8","cm"
"542","Site1_01/12/1929","Site1_01/12/1929_A12","Edgar Anderson","sepal width","3.4","cm"
"543","Site1_01/12/1929","Site1_01/12/1929_A12","Edgar Anderson","petal length","1.6","cm"
"544","Site1_01/12/1929","Site1_01/12/1929_A12","Edgar Anderson","petal width","0.2","cm"
"545","Site1_01/12/1929","Site1_01/12/1929_A72","Edgar Anderson","sepal length","6.1","cm"
"546","Site1_01/12/1929","Site1_01/12/1929_A72","Edgar Anderson","sepal width","2.8","cm"
"547","Site1_01/12/1929","Site1_01/12/1929_A72","Edgar Anderson","petal length","4","cm"
"548","Site1_01/12/1929","Site1_01/12/1929_A72","Edgar Anderson","petal width","1.3","cm"
"549","Site1_01/12/1929","Site1_01/12/1929_A96","Edgar Anderson","sepal length","5.7","cm"
"550","Site1_01/12/1929","Site1_01/12/1929_A96","Edgar Anderson","sepal width","3","cm"
"551","Site1_01/12/1929","Site1_01/12/1929_A96","Edgar Anderson","petal length","4.2","cm"
"552","Site1_01/12/1929","Site1_01/12/1929_A96","Edgar Anderson","petal width","1.2","cm"
"553","Site3_01/12/1929","Site3_01/12/1929_A61","Edgar Anderson","sepal length","5","cm"
"554","Site3_01/12/1929","Site3_01/12/1929_A61","Edgar Anderson","sepal width","2","cm"
"555","Site3_01/12/1929","Site3_01/12/1929_A61","Edgar Anderson","petal length","3.5","cm"
"556","Site3_01/12/1929","Site3_01/12/1929_A61","Edgar Anderson","petal width","1","cm"
"557","Site3_01/12/1929","Site3_01/12/1929_A76","Edgar Anderson","sepal length","6.6","cm"
"558","Site3_01/12/1929","Site3_01/12/1929_A76","Edgar Anderson","sepal width","3","cm"
"559","Site3_01/12/1929","Site3_01/12/1929_A76","Edgar Anderson","petal length","4.4","cm"
"560","Site3_01/12/1929","Site3_01/12/1929_A76","Edgar Anderson","petal width","1.4","cm"
"561","Site1_01/12/1929","Site1_01/12/1929_A117","Edgar Anderson","sepal length","6.5","cm"
"562","Site1_01/12/1929","Site1_01/12/1929_A117","Edgar Anderson","sepal width","3","cm"
"563","Site1_01/12/1929","Site1_01/12/1929_A117","Edgar Anderson","petal length","5.5","cm"
"564","Site1_01/12/1929","Site1_01/12/1929_A117","Edgar Anderson","petal width","1.8","cm"
"565","Site1_01/12/1929","Site1_01/12/1929_A123","Edgar Anderson","sepal length","7.7","cm"
"566","Site1_01/12/1929","Site1_01/12/1929_A123","Edgar Anderson","sepal width","2.8","cm"
"567","Site1_01/12/1929","Site1_01/12/1929_A123","Edgar Anderson","petal length","6.7","cm"
"568","Site1_01/12/1929","Site1_01/12/1929_A123","Edgar Anderson","petal width","2","cm"
"569","Site1_01/12/1929","Site1_01/12/1929_A126","Edgar Anderson","sepal length","7.2","cm"
"570","Site1_01/12/1929","Site1_01/12/1929_A126","Edgar Anderson","sepal width","3.2","cm"
"571","Site1_01/12/1929","Site1_01/12/1929_A126","Edgar Anderson","petal length","6","cm"
"572","Site1_01/12/1929","Site1_01/12/1929_A126","Edgar Anderson","petal width","1.8","cm"
"573","Site2_13/02/1930","Site2_13/02/1930_A116","Edgar Anderson","sepal length","6.4","cm"
"574","Site2_13/02/1930","Site2_13/02/1930_A116","Edgar Anderson","sepal width","3.2","cm"
"575","Site2_13/02/1930","Site2_13/02/1930_A116","Edgar Anderson","petal length","5.3","cm"
"576","Site2_13/02/1930","Site2_13/02/1930_A116","Edgar Anderson","petal width","2.3","cm"
"577","Site2_13/02/1930","Site2_13/02/1930_A137","Edgar Anderson","sepal length","6.3","cm"
"578","Site2_13/02/1930","Site2_13/02/1930_A137","Edgar Anderson","sepal width","3.4","cm"
"579","Site2_13/02/1930","Site2_13/02/1930_A137","Edgar Anderson","petal length","5.6","cm"
"580","Site2_13/02/1930","Site2_13/02/1930_A137","Edgar Anderson","petal width","2.4","cm"
"581","Site3_01/12/1929","Site3_01/12/1929_A115","Edgar Anderson","sepal length","5.8","cm"
"582","Site3_01/12/1929","Site3_01/12/1929_A115","Edgar Anderson","sepal width","2.8","cm"
"583","Site3_01/12/1929","Site3_01/12/1929_A115","Edgar Anderson","petal length","5.1","cm"
"584","Site3_01/12/1929","Site3_01/12/1929_A115","Edgar Anderson","petal width","2.4","cm"
"585","Site3_01/12/1929","Site3_01/12/1929_A121","Edgar Anderson","sepal length","6.9","cm"
"586","Site3_01/12/1929","Site3_01/12/1929_A121","Edgar Anderson","sepal width","3.2","cm"
"587","Site3_01/12/1929","Site3_01/12/1929_A121","Edgar Anderson","petal length","5.7","cm"
"588","Site3_01/12/1929","Site3_01/12/1929_A121","Edgar Anderson","petal width","2.3","cm"
"589","Site3_01/12/1929","Site3_01/12/1929_A130","Edgar Anderson","sepal length","7.2","cm"
"590","Site3_01/12/1929","Site3_01/12/1929_A130","Edgar Anderson","sepal width","3","cm"
"591","Site3_01/12/1929","Site3_01/12/1929_A130","Edgar Anderson","petal length","5.8","cm"
"592","Site3_01/12/1929","Site3_01/12/1929_A130","Edgar Anderson","petal width","1.6","cm"
"593","Site3_01/12/1929","Site3_01/12/1929_A148","Edgar Anderson","sepal length","6.5","cm"
"594","Site3_01/12/1929","Site3_01/12/1929_A148","Edgar Anderson","sepal width","3","cm"
"595","Site3_01/12/1929","Site3_01/12/1929_A148","Edgar Anderson","petal length","5.2","cm"
"596","Site3_01/12/1929","Site3_01/12/1929_A148","Edgar Anderson","petal width","2","cm"
