"","eventID","occurrenceID","scientificName","scientificNameID","recordedBy","taxonRank","organismQuantityType","basisOfRecord"
"1","Site1_01/12/1929","Site1_01/12/1929_A45","Iris setosa","https://www.itis.gov/servlet/SingleRpt/SingleRpt?search_topic=TSN&search_value=43195","Edgar Anderson","Species","individuals","Human observation"
"2","Site2_13/02/1930","Site2_13/02/1930_A29","Iris setosa","https://www.itis.gov/servlet/SingleRpt/SingleRpt?search_topic=TSN&search_value=43195","Edgar Anderson","Species","individuals","Human observation"
"3","Site2_13/02/1930","Site2_13/02/1930_A41","Iris setosa","https://www.itis.gov/servlet/SingleRpt/SingleRpt?search_topic=TSN&search_value=43195","Edgar Anderson","Species","individuals","Human observation"
"4","Site2_13/02/1930","Site2_13/02/1930_A44","Iris setosa","https://www.itis.gov/servlet/SingleRpt/SingleRpt?search_topic=TSN&search_value=43195","Edgar Anderson","Species","individuals","Human observation"
"5","Site2_13/02/1930","Site2_13/02/1930_A56","Iris versicolor","https://www.itis.gov/servlet/SingleRpt/SingleRpt?search_topic=TSN&search_value=43196","Edgar Anderson","Species","individuals","Human observation"
"6","Site2_13/02/1930","Site2_13/02/1930_A86","Iris versicolor","https://www.itis.gov/servlet/SingleRpt/SingleRpt?search_topic=TSN&search_value=43196","Edgar Anderson","Species","individuals","Human observation"
"7","Site3_01/12/1929","Site3_01/12/1929_A82","Iris versicolor","https://www.itis.gov/servlet/SingleRpt/SingleRpt?search_topic=TSN&search_value=43196","Edgar Anderson","Species","individuals","Human observation"
"8","Site3_01/12/1929","Site3_01/12/1929_A85","Iris versicolor","https://www.itis.gov/servlet/SingleRpt/SingleRpt?search_topic=TSN&search_value=43196","Edgar Anderson","Species","individuals","Human observation"
"9","Site1_01/12/1929","Site1_01/12/1929_A138","Iris virginica","https://www.itis.gov/servlet/SingleRpt/SingleRpt?search_topic=TSN&search_value=43197","Edgar Anderson","Species","individuals","Human observation"
"10","Site1_01/12/1929","Site1_01/12/1929_A141","Iris virginica","https://www.itis.gov/servlet/SingleRpt/SingleRpt?search_topic=TSN&search_value=43197","Edgar Anderson","Species","individuals","Human observation"
"11","Site1_01/12/1929","Site1_01/12/1929_A144","Iris virginica","https://www.itis.gov/servlet/SingleRpt/SingleRpt?search_topic=TSN&search_value=43197","Edgar Anderson","Species","individuals","Human observation"
"12","Site1_01/12/1929","Site1_01/12/1929_A147","Iris virginica","https://www.itis.gov/servlet/SingleRpt/SingleRpt?search_topic=TSN&search_value=43197","Edgar Anderson","Species","individuals","Human observation"
"13","Site2_13/02/1930","Site2_13/02/1930_A134","Iris virginica","https://www.itis.gov/servlet/SingleRpt/SingleRpt?search_topic=TSN&search_value=43197","Edgar Anderson","Species","individuals","Human observation"
"14","Site3_01/12/1929","Site3_01/12/1929_A139","Iris virginica","https://www.itis.gov/servlet/SingleRpt/SingleRpt?search_topic=TSN&search_value=43197","Edgar Anderson","Species","individuals","Human observation"
"15","Site2_13/02/1930","Site2_13/02/1930_A59","Iris versicolor","https://www.itis.gov/servlet/SingleRpt/SingleRpt?search_topic=TSN&search_value=43196","Edgar Anderson","Species","individuals","Human observation"
"16","Site1_01/12/1929","Site1_01/12/1929_A84","Iris versicolor","https://www.itis.gov/servlet/SingleRpt/SingleRpt?search_topic=TSN&search_value=43196","Edgar Anderson","Species","individuals","Human observation"
"17","Site1_01/12/1929","Site1_01/12/1929_A78","Iris versicolor","https://www.itis.gov/servlet/SingleRpt/SingleRpt?search_topic=TSN&search_value=43196","Edgar Anderson","Species","individuals","Human observation"
"18","Site1_01/12/1929","Site1_01/12/1929_A63","Iris versicolor","https://www.itis.gov/servlet/SingleRpt/SingleRpt?search_topic=TSN&search_value=43196","Edgar Anderson","Species","individuals","Human observation"
"19","Site1_01/12/1929","Site1_01/12/1929_A57","Iris versicolor","https://www.itis.gov/servlet/SingleRpt/SingleRpt?search_topic=TSN&search_value=43196","Edgar Anderson","Species","individuals","Human observation"
"20","Site1_01/12/1929","Site1_01/12/1929_A54","Iris versicolor","https://www.itis.gov/servlet/SingleRpt/SingleRpt?search_topic=TSN&search_value=43196","Edgar Anderson","Species","individuals","Human observation"
"21","Site3_01/12/1929","Site3_01/12/1929_A13","Iris setosa","https://www.itis.gov/servlet/SingleRpt/SingleRpt?search_topic=TSN&search_value=43195","Edgar Anderson","Species","individuals","Human observation"
"22","Site2_13/02/1930","Site2_13/02/1930_A8","Iris setosa","https://www.itis.gov/servlet/SingleRpt/SingleRpt?search_topic=TSN&search_value=43195","Edgar Anderson","Species","individuals","Human observation"
"23","Site2_13/02/1930","Site2_13/02/1930_A23","Iris setosa","https://www.itis.gov/servlet/SingleRpt/SingleRpt?search_topic=TSN&search_value=43195","Edgar Anderson","Species","individuals","Human observation"
"24","Site3_01/12/1929","Site3_01/12/1929_A148","Iris virginica","https://www.itis.gov/servlet/SingleRpt/SingleRpt?search_topic=TSN&search_value=43197","Edgar Anderson","Species","individuals","Human observation"
"25","Site3_01/12/1929","Site3_01/12/1929_A118","Iris virginica","https://www.itis.gov/servlet/SingleRpt/SingleRpt?search_topic=TSN&search_value=43197","Edgar Anderson","Species","individuals","Human observation"
"26","Site3_01/12/1929","Site3_01/12/1929_A103","Iris virginica","https://www.itis.gov/servlet/SingleRpt/SingleRpt?search_topic=TSN&search_value=43197","Edgar Anderson","Species","individuals","Human observation"
"27","Site2_13/02/1930","Site2_13/02/1930_A101","Iris virginica","https://www.itis.gov/servlet/SingleRpt/SingleRpt?search_topic=TSN&search_value=43197","Edgar Anderson","Species","individuals","Human observation"
"28","Site1_01/12/1929","Site1_01/12/1929_A135","Iris virginica","https://www.itis.gov/servlet/SingleRpt/SingleRpt?search_topic=TSN&search_value=43197","Edgar Anderson","Species","individuals","Human observation"
"29","Site1_01/12/1929","Site1_01/12/1929_A129","Iris virginica","https://www.itis.gov/servlet/SingleRpt/SingleRpt?search_topic=TSN&search_value=43197","Edgar Anderson","Species","individuals","Human observation"
"30","Site1_01/12/1929","Site1_01/12/1929_A15","Iris setosa","https://www.itis.gov/servlet/SingleRpt/SingleRpt?search_topic=TSN&search_value=43195","Edgar Anderson","Species","individuals","Human observation"
"31","Site2_13/02/1930","Site2_13/02/1930_A17","Iris setosa","https://www.itis.gov/servlet/SingleRpt/SingleRpt?search_topic=TSN&search_value=43195","Edgar Anderson","Species","individuals","Human observation"
"32","Site2_13/02/1930","Site2_13/02/1930_A11","Iris setosa","https://www.itis.gov/servlet/SingleRpt/SingleRpt?search_topic=TSN&search_value=43195","Edgar Anderson","Species","individuals","Human observation"
"33","Site3_01/12/1929","Site3_01/12/1929_A28","Iris setosa","https://www.itis.gov/servlet/SingleRpt/SingleRpt?search_topic=TSN&search_value=43195","Edgar Anderson","Species","individuals","Human observation"
"34","Site3_01/12/1929","Site3_01/12/1929_A34","Iris setosa","https://www.itis.gov/servlet/SingleRpt/SingleRpt?search_topic=TSN&search_value=43195","Edgar Anderson","Species","individuals","Human observation"
"35","Site3_01/12/1929","Site3_01/12/1929_A40","Iris setosa","https://www.itis.gov/servlet/SingleRpt/SingleRpt?search_topic=TSN&search_value=43195","Edgar Anderson","Species","individuals","Human observation"
"36","Site1_01/12/1929","Site1_01/12/1929_A75","Iris versicolor","https://www.itis.gov/servlet/SingleRpt/SingleRpt?search_topic=TSN&search_value=43196","Edgar Anderson","Species","individuals","Human observation"
"37","Site2_13/02/1930","Site2_13/02/1930_A62","Iris versicolor","https://www.itis.gov/servlet/SingleRpt/SingleRpt?search_topic=TSN&search_value=43196","Edgar Anderson","Species","individuals","Human observation"
"38","Site3_01/12/1929","Site3_01/12/1929_A52","Iris versicolor","https://www.itis.gov/servlet/SingleRpt/SingleRpt?search_topic=TSN&search_value=43196","Edgar Anderson","Species","individuals","Human observation"
"39","Site3_01/12/1929","Site3_01/12/1929_A73","Iris versicolor","https://www.itis.gov/servlet/SingleRpt/SingleRpt?search_topic=TSN&search_value=43196","Edgar Anderson","Species","individuals","Human observation"
"40","Site3_01/12/1929","Site3_01/12/1929_A88","Iris versicolor","https://www.itis.gov/servlet/SingleRpt/SingleRpt?search_topic=TSN&search_value=43196","Edgar Anderson","Species","individuals","Human observation"
"41","Site1_01/12/1929","Site1_01/12/1929_A150","Iris virginica","https://www.itis.gov/servlet/SingleRpt/SingleRpt?search_topic=TSN&search_value=43197","Edgar Anderson","Species","individuals","Human observation"
"42","Site2_13/02/1930","Site2_13/02/1930_A128","Iris virginica","https://www.itis.gov/servlet/SingleRpt/SingleRpt?search_topic=TSN&search_value=43197","Edgar Anderson","Species","individuals","Human observation"
"43","Site3_01/12/1929","Site3_01/12/1929_A112","Iris virginica","https://www.itis.gov/servlet/SingleRpt/SingleRpt?search_topic=TSN&search_value=43197","Edgar Anderson","Species","individuals","Human observation"
"44","Site3_01/12/1929","Site3_01/12/1929_A127","Iris virginica","https://www.itis.gov/servlet/SingleRpt/SingleRpt?search_topic=TSN&search_value=43197","Edgar Anderson","Species","individuals","Human observation"
"45","Site2_13/02/1930","Site2_13/02/1930_A140","Iris virginica","https://www.itis.gov/servlet/SingleRpt/SingleRpt?search_topic=TSN&search_value=43197","Edgar Anderson","Species","individuals","Human observation"
"46","Site2_13/02/1930","Site2_13/02/1930_A119","Iris virginica","https://www.itis.gov/servlet/SingleRpt/SingleRpt?search_topic=TSN&search_value=43197","Edgar Anderson","Species","individuals","Human observation"
"47","Site3_01/12/1929","Site3_01/12/1929_A97","Iris versicolor","https://www.itis.gov/servlet/SingleRpt/SingleRpt?search_topic=TSN&search_value=43196","Edgar Anderson","Species","individuals","Human observation"
"48","Site3_01/12/1929","Site3_01/12/1929_A79","Iris versicolor","https://www.itis.gov/servlet/SingleRpt/SingleRpt?search_topic=TSN&search_value=43196","Edgar Anderson","Species","individuals","Human observation"
"49","Site1_01/12/1929","Site1_01/12/1929_A3","Iris setosa","https://www.itis.gov/servlet/SingleRpt/SingleRpt?search_topic=TSN&search_value=43195","Edgar Anderson","Species","individuals","Human observation"
"50","Site1_01/12/1929","Site1_01/12/1929_A99","Iris versicolor","https://www.itis.gov/servlet/SingleRpt/SingleRpt?search_topic=TSN&search_value=43196","Edgar Anderson","Species","individuals","Human observation"
"51","Site2_13/02/1930","Site2_13/02/1930_A14","Iris setosa","https://www.itis.gov/servlet/SingleRpt/SingleRpt?search_topic=TSN&search_value=43195","Edgar Anderson","Species","individuals","Human observation"
"52","Site2_13/02/1930","Site2_13/02/1930_A68","Iris versicolor","https://www.itis.gov/servlet/SingleRpt/SingleRpt?search_topic=TSN&search_value=43196","Edgar Anderson","Species","individuals","Human observation"
"53","Site3_01/12/1929","Site3_01/12/1929_A31","Iris setosa","https://www.itis.gov/servlet/SingleRpt/SingleRpt?search_topic=TSN&search_value=43195","Edgar Anderson","Species","individuals","Human observation"
"54","Site1_01/12/1929","Site1_01/12/1929_A6","Iris setosa","https://www.itis.gov/servlet/SingleRpt/SingleRpt?search_topic=TSN&search_value=43195","Edgar Anderson","Species","individuals","Human observation"
"55","Site3_01/12/1929","Site3_01/12/1929_A16","Iris setosa","https://www.itis.gov/servlet/SingleRpt/SingleRpt?search_topic=TSN&search_value=43195","Edgar Anderson","Species","individuals","Human observation"
"56","Site2_13/02/1930","Site2_13/02/1930_A50","Iris setosa","https://www.itis.gov/servlet/SingleRpt/SingleRpt?search_topic=TSN&search_value=43195","Edgar Anderson","Species","individuals","Human observation"
"57","Site3_01/12/1929","Site3_01/12/1929_A70","Iris versicolor","https://www.itis.gov/servlet/SingleRpt/SingleRpt?search_topic=TSN&search_value=43196","Edgar Anderson","Species","individuals","Human observation"
"58","Site1_01/12/1929","Site1_01/12/1929_A51","Iris versicolor","https://www.itis.gov/servlet/SingleRpt/SingleRpt?search_topic=TSN&search_value=43196","Edgar Anderson","Species","individuals","Human observation"
"59","Site1_01/12/1929","Site1_01/12/1929_A48","Iris setosa","https://www.itis.gov/servlet/SingleRpt/SingleRpt?search_topic=TSN&search_value=43195","Edgar Anderson","Species","individuals","Human observation"
"60","Site2_13/02/1930","Site2_13/02/1930_A104","Iris virginica","https://www.itis.gov/servlet/SingleRpt/SingleRpt?search_topic=TSN&search_value=43197","Edgar Anderson","Species","individuals","Human observation"
"61","Site1_01/12/1929","Site1_01/12/1929_A24","Iris setosa","https://www.itis.gov/servlet/SingleRpt/SingleRpt?search_topic=TSN&search_value=43195","Edgar Anderson","Species","individuals","Human observation"
"62","Site3_01/12/1929","Site3_01/12/1929_A94","Iris versicolor","https://www.itis.gov/servlet/SingleRpt/SingleRpt?search_topic=TSN&search_value=43196","Edgar Anderson","Species","individuals","Human observation"
"63","Site2_13/02/1930","Site2_13/02/1930_A143","Iris virginica","https://www.itis.gov/servlet/SingleRpt/SingleRpt?search_topic=TSN&search_value=43197","Edgar Anderson","Species","individuals","Human observation"
"64","Site1_01/12/1929","Site1_01/12/1929_A132","Iris virginica","https://www.itis.gov/servlet/SingleRpt/SingleRpt?search_topic=TSN&search_value=43197","Edgar Anderson","Species","individuals","Human observation"
"65","Site2_13/02/1930","Site2_13/02/1930_A131","Iris virginica","https://www.itis.gov/servlet/SingleRpt/SingleRpt?search_topic=TSN&search_value=43197","Edgar Anderson","Species","individuals","Human observation"
"66","Site1_01/12/1929","Site1_01/12/1929_A42","Iris setosa","https://www.itis.gov/servlet/SingleRpt/SingleRpt?search_topic=TSN&search_value=43195","Edgar Anderson","Species","individuals","Human observation"
"67","Site3_01/12/1929","Site3_01/12/1929_A136","Iris virginica","https://www.itis.gov/servlet/SingleRpt/SingleRpt?search_topic=TSN&search_value=43197","Edgar Anderson","Species","individuals","Human observation"
"68","Site4_01/12/1929","Site4_01/12/1929_A43","Iris setosa","https://www.itis.gov/servlet/SingleRpt/SingleRpt?search_topic=TSN&search_value=43195","Edgar Anderson","Species","individuals","Human observation"
"69","Site2_13/02/1930","Site2_13/02/1930_A20","Iris setosa","https://www.itis.gov/servlet/SingleRpt/SingleRpt?search_topic=TSN&search_value=43195","Edgar Anderson","Species","individuals","Human observation"
"70","Site3_01/12/1929","Site3_01/12/1929_A145","Iris virginica","https://www.itis.gov/servlet/SingleRpt/SingleRpt?search_topic=TSN&search_value=43197","Edgar Anderson","Species","individuals","Human observation"
"71","Site2_13/02/1930","Site2_13/02/1930_A80","Iris versicolor","https://www.itis.gov/servlet/SingleRpt/SingleRpt?search_topic=TSN&search_value=43196","Edgar Anderson","Species","individuals","Human observation"
"72","Site1_01/12/1929","Site1_01/12/1929_A69","Iris versicolor","https://www.itis.gov/servlet/SingleRpt/SingleRpt?search_topic=TSN&search_value=43196","Edgar Anderson","Species","individuals","Human observation"
"73","Site1_01/12/1929","Site1_01/12/1929_A18","Iris setosa","https://www.itis.gov/servlet/SingleRpt/SingleRpt?search_topic=TSN&search_value=43195","Edgar Anderson","Species","individuals","Human observation"
"74","Site1_01/12/1929","Site1_01/12/1929_A27","Iris setosa","https://www.itis.gov/servlet/SingleRpt/SingleRpt?search_topic=TSN&search_value=43195","Edgar Anderson","Species","individuals","Human observation"
"75","Site2_13/02/1930","Site2_13/02/1930_A149","Iris virginica","https://www.itis.gov/servlet/SingleRpt/SingleRpt?search_topic=TSN&search_value=43197","Edgar Anderson","Species","individuals","Human observation"
"76","Site3_01/12/1929","Site3_01/12/1929_A67","Iris versicolor","https://www.itis.gov/servlet/SingleRpt/SingleRpt?search_topic=TSN&search_value=43196","Edgar Anderson","Species","individuals","Human observation"
"77","Site2_13/02/1930","Site2_13/02/1930_A98","Iris versicolor","https://www.itis.gov/servlet/SingleRpt/SingleRpt?search_topic=TSN&search_value=43196","Edgar Anderson","Species","individuals","Human observation"
"78","Site2_13/02/1930","Site2_13/02/1930_A92","Iris versicolor","https://www.itis.gov/servlet/SingleRpt/SingleRpt?search_topic=TSN&search_value=43196","Edgar Anderson","Species","individuals","Human observation"
"79","Site1_01/12/1929","Site1_01/12/1929_A87","Iris versicolor","https://www.itis.gov/servlet/SingleRpt/SingleRpt?search_topic=TSN&search_value=43196","Edgar Anderson","Species","individuals","Human observation"
"80","Site1_01/12/1929","Site1_01/12/1929_A66","Iris versicolor","https://www.itis.gov/servlet/SingleRpt/SingleRpt?search_topic=TSN&search_value=43196","Edgar Anderson","Species","individuals","Human observation"
"81","Site3_01/12/1929","Site3_01/12/1929_A46","Iris setosa","https://www.itis.gov/servlet/SingleRpt/SingleRpt?search_topic=TSN&search_value=43195","Edgar Anderson","Species","individuals","Human observation"
"82","Site3_01/12/1929","Site3_01/12/1929_A22","Iris setosa","https://www.itis.gov/servlet/SingleRpt/SingleRpt?search_topic=TSN&search_value=43195","Edgar Anderson","Species","individuals","Human observation"
"83","Site2_13/02/1930","Site2_13/02/1930_A35","Iris setosa","https://www.itis.gov/servlet/SingleRpt/SingleRpt?search_topic=TSN&search_value=43195","Edgar Anderson","Species","individuals","Human observation"
"84","Site2_13/02/1930","Site2_13/02/1930_A32","Iris setosa","https://www.itis.gov/servlet/SingleRpt/SingleRpt?search_topic=TSN&search_value=43195","Edgar Anderson","Species","individuals","Human observation"
"85","Site2_13/02/1930","Site2_13/02/1930_A26","Iris setosa","https://www.itis.gov/servlet/SingleRpt/SingleRpt?search_topic=TSN&search_value=43195","Edgar Anderson","Species","individuals","Human observation"
"86","Site1_01/12/1929","Site1_01/12/1929_A36","Iris setosa","https://www.itis.gov/servlet/SingleRpt/SingleRpt?search_topic=TSN&search_value=43195","Edgar Anderson","Species","individuals","Human observation"
"87","Site1_01/12/1929","Site1_01/12/1929_A33","Iris setosa","https://www.itis.gov/servlet/SingleRpt/SingleRpt?search_topic=TSN&search_value=43195","Edgar Anderson","Species","individuals","Human observation"
"88","Site1_01/12/1929","Site1_01/12/1929_A21","Iris setosa","https://www.itis.gov/servlet/SingleRpt/SingleRpt?search_topic=TSN&search_value=43195","Edgar Anderson","Species","individuals","Human observation"
"89","Site3_01/12/1929","Site3_01/12/1929_A124","Iris virginica","https://www.itis.gov/servlet/SingleRpt/SingleRpt?search_topic=TSN&search_value=43197","Edgar Anderson","Species","individuals","Human observation"
"90","Site1_01/12/1929","Site1_01/12/1929_A39","Iris setosa","https://www.itis.gov/servlet/SingleRpt/SingleRpt?search_topic=TSN&search_value=43195","Edgar Anderson","Species","individuals","Human observation"
"91","Site2_13/02/1930","Site2_13/02/1930_A47","Iris setosa","https://www.itis.gov/servlet/SingleRpt/SingleRpt?search_topic=TSN&search_value=43195","Edgar Anderson","Species","individuals","Human observation"
"92","Site3_01/12/1929","Site3_01/12/1929_A1","Iris setosa","https://www.itis.gov/servlet/SingleRpt/SingleRpt?search_topic=TSN&search_value=43195","Edgar Anderson","Species","individuals","Human observation"
"93","Site3_01/12/1929","Site3_01/12/1929_A7","Iris setosa","https://www.itis.gov/servlet/SingleRpt/SingleRpt?search_topic=TSN&search_value=43195","Edgar Anderson","Species","individuals","Human observation"
"94","Site1_01/12/1929","Site1_01/12/1929_A93","Iris versicolor","https://www.itis.gov/servlet/SingleRpt/SingleRpt?search_topic=TSN&search_value=43196","Edgar Anderson","Species","individuals","Human observation"
"95","Site2_13/02/1930","Site2_13/02/1930_A74","Iris versicolor","https://www.itis.gov/servlet/SingleRpt/SingleRpt?search_topic=TSN&search_value=43196","Edgar Anderson","Species","individuals","Human observation"
"96","Site2_13/02/1930","Site2_13/02/1930_A83","Iris versicolor","https://www.itis.gov/servlet/SingleRpt/SingleRpt?search_topic=TSN&search_value=43196","Edgar Anderson","Species","individuals","Human observation"
"97","Site2_13/02/1930","Site2_13/02/1930_A89","Iris versicolor","https://www.itis.gov/servlet/SingleRpt/SingleRpt?search_topic=TSN&search_value=43196","Edgar Anderson","Species","individuals","Human observation"
"98","Site3_01/12/1929","Site3_01/12/1929_A58","Iris versicolor","https://www.itis.gov/servlet/SingleRpt/SingleRpt?search_topic=TSN&search_value=43196","Edgar Anderson","Species","individuals","Human observation"
"99","Site3_01/12/1929","Site3_01/12/1929_A91","Iris versicolor","https://www.itis.gov/servlet/SingleRpt/SingleRpt?search_topic=TSN&search_value=43196","Edgar Anderson","Species","individuals","Human observation"
"100","Site1_01/12/1929","Site1_01/12/1929_A102","Iris virginica","https://www.itis.gov/servlet/SingleRpt/SingleRpt?search_topic=TSN&search_value=43197","Edgar Anderson","Species","individuals","Human observation"
"101","Site1_01/12/1929","Site1_01/12/1929_A120","Iris virginica","https://www.itis.gov/servlet/SingleRpt/SingleRpt?search_topic=TSN&search_value=43197","Edgar Anderson","Species","individuals","Human observation"
"102","Site2_13/02/1930","Site2_13/02/1930_A107","Iris virginica","https://www.itis.gov/servlet/SingleRpt/SingleRpt?search_topic=TSN&search_value=43197","Edgar Anderson","Species","individuals","Human observation"
"103","Site3_01/12/1929","Site3_01/12/1929_A109","Iris virginica","https://www.itis.gov/servlet/SingleRpt/SingleRpt?search_topic=TSN&search_value=43197","Edgar Anderson","Species","individuals","Human observation"
"104","Site3_01/12/1929","Site3_01/12/1929_A133","Iris virginica","https://www.itis.gov/servlet/SingleRpt/SingleRpt?search_topic=TSN&search_value=43197","Edgar Anderson","Species","individuals","Human observation"
"105","Site2_13/02/1930","Site2_13/02/1930_A146","Iris virginica","https://www.itis.gov/servlet/SingleRpt/SingleRpt?search_topic=TSN&search_value=43197","Edgar Anderson","Species","individuals","Human observation"
"106","Site2_13/02/1930","Site2_13/02/1930_A125","Iris virginica","https://www.itis.gov/servlet/SingleRpt/SingleRpt?search_topic=TSN&search_value=43197","Edgar Anderson","Species","individuals","Human observation"
"107","Site3_01/12/1929","Site3_01/12/1929_A4","Iris setosa","https://www.itis.gov/servlet/SingleRpt/SingleRpt?search_topic=TSN&search_value=43195","Edgar Anderson","Species","individuals","Human observation"
"108","Site3_01/12/1929","Site3_01/12/1929_A55","Iris versicolor","https://www.itis.gov/servlet/SingleRpt/SingleRpt?search_topic=TSN&search_value=43196","Edgar Anderson","Species","individuals","Human observation"
"109","Site1_01/12/1929","Site1_01/12/1929_A60","Iris versicolor","https://www.itis.gov/servlet/SingleRpt/SingleRpt?search_topic=TSN&search_value=43196","Edgar Anderson","Species","individuals","Human observation"
"110","Site2_13/02/1930","Site2_13/02/1930_A53","Iris versicolor","https://www.itis.gov/servlet/SingleRpt/SingleRpt?search_topic=TSN&search_value=43196","Edgar Anderson","Species","individuals","Human observation"
"111","Site2_13/02/1930","Site2_13/02/1930_A65","Iris versicolor","https://www.itis.gov/servlet/SingleRpt/SingleRpt?search_topic=TSN&search_value=43196","Edgar Anderson","Species","individuals","Human observation"
"112","Site2_13/02/1930","Site2_13/02/1930_A5","Iris setosa","https://www.itis.gov/servlet/SingleRpt/SingleRpt?search_topic=TSN&search_value=43195","Edgar Anderson","Species","individuals","Human observation"
"113","Site3_01/12/1929","Site3_01/12/1929_A37","Iris setosa","https://www.itis.gov/servlet/SingleRpt/SingleRpt?search_topic=TSN&search_value=43195","Edgar Anderson","Species","individuals","Human observation"
"114","Site3_01/12/1929","Site3_01/12/1929_A19","Iris setosa","https://www.itis.gov/servlet/SingleRpt/SingleRpt?search_topic=TSN&search_value=43195","Edgar Anderson","Species","individuals","Human observation"
"115","Site3_01/12/1929","Site3_01/12/1929_A64","Iris versicolor","https://www.itis.gov/servlet/SingleRpt/SingleRpt?search_topic=TSN&search_value=43196","Edgar Anderson","Species","individuals","Human observation"
"116","Site2_13/02/1930","Site2_13/02/1930_A2","Iris setosa","https://www.itis.gov/servlet/SingleRpt/SingleRpt?search_topic=TSN&search_value=43195","Edgar Anderson","Species","individuals","Human observation"
"117","Site3_01/12/1929","Site3_01/12/1929_A100","Iris versicolor","https://www.itis.gov/servlet/SingleRpt/SingleRpt?search_topic=TSN&search_value=43196","Edgar Anderson","Species","individuals","Human observation"
"118","Site1_01/12/1929","Site1_01/12/1929_A81","Iris versicolor","https://www.itis.gov/servlet/SingleRpt/SingleRpt?search_topic=TSN&search_value=43196","Edgar Anderson","Species","individuals","Human observation"
"119","Site1_01/12/1929","Site1_01/12/1929_A108","Iris virginica","https://www.itis.gov/servlet/SingleRpt/SingleRpt?search_topic=TSN&search_value=43197","Edgar Anderson","Species","individuals","Human observation"
"120","Site3_01/12/1929","Site3_01/12/1929_A49","Iris setosa","https://www.itis.gov/servlet/SingleRpt/SingleRpt?search_topic=TSN&search_value=43195","Edgar Anderson","Species","individuals","Human observation"
"121","Site1_01/12/1929","Site1_01/12/1929_A90","Iris versicolor","https://www.itis.gov/servlet/SingleRpt/SingleRpt?search_topic=TSN&search_value=43196","Edgar Anderson","Species","individuals","Human observation"
"122","Site2_13/02/1930","Site2_13/02/1930_A113","Iris virginica","https://www.itis.gov/servlet/SingleRpt/SingleRpt?search_topic=TSN&search_value=43197","Edgar Anderson","Species","individuals","Human observation"
"123","Site2_13/02/1930","Site2_13/02/1930_A95","Iris versicolor","https://www.itis.gov/servlet/SingleRpt/SingleRpt?search_topic=TSN&search_value=43196","Edgar Anderson","Species","individuals","Human observation"
"124","Site1_01/12/1929","Site1_01/12/1929_A111","Iris virginica","https://www.itis.gov/servlet/SingleRpt/SingleRpt?search_topic=TSN&search_value=43197","Edgar Anderson","Species","individuals","Human observation"
"125","Site1_01/12/1929","Site1_01/12/1929_A9","Iris setosa","https://www.itis.gov/servlet/SingleRpt/SingleRpt?search_topic=TSN&search_value=43195","Edgar Anderson","Species","individuals","Human observation"
"126","Site2_13/02/1930","Site2_13/02/1930_A122","Iris virginica","https://www.itis.gov/servlet/SingleRpt/SingleRpt?search_topic=TSN&search_value=43197","Edgar Anderson","Species","individuals","Human observation"
"127","Site1_01/12/1929","Site1_01/12/1929_A114","Iris virginica","https://www.itis.gov/servlet/SingleRpt/SingleRpt?search_topic=TSN&search_value=43197","Edgar Anderson","Species","individuals","Human observation"
"128","Site2_13/02/1930","Site2_13/02/1930_A77","Iris versicolor","https://www.itis.gov/servlet/SingleRpt/SingleRpt?search_topic=TSN&search_value=43196","Edgar Anderson","Species","individuals","Human observation"
"129","Site1_01/12/1929","Site1_01/12/1929_A105","Iris virginica","https://www.itis.gov/servlet/SingleRpt/SingleRpt?search_topic=TSN&search_value=43197","Edgar Anderson","Species","individuals","Human observation"
"130","Site3_01/12/1929","Site3_01/12/1929_A10","Iris setosa","https://www.itis.gov/servlet/SingleRpt/SingleRpt?search_topic=TSN&search_value=43195","Edgar Anderson","Species","individuals","Human observation"
"131","Site2_13/02/1930","Site2_13/02/1930_A110","Iris virginica","https://www.itis.gov/servlet/SingleRpt/SingleRpt?search_topic=TSN&search_value=43197","Edgar Anderson","Species","individuals","Human observation"
"132","Site3_01/12/1929","Site3_01/12/1929_A25","Iris setosa","https://www.itis.gov/servlet/SingleRpt/SingleRpt?search_topic=TSN&search_value=43195","Edgar Anderson","Species","individuals","Human observation"
"133","Site2_13/02/1930","Site2_13/02/1930_A38","Iris setosa","https://www.itis.gov/servlet/SingleRpt/SingleRpt?search_topic=TSN&search_value=43195","Edgar Anderson","Species","individuals","Human observation"
"134","Site2_13/02/1930","Site2_13/02/1930_A71","Iris versicolor","https://www.itis.gov/servlet/SingleRpt/SingleRpt?search_topic=TSN&search_value=43196","Edgar Anderson","Species","individuals","Human observation"
"135","Site1_01/12/1929","Site1_01/12/1929_A30","Iris setosa","https://www.itis.gov/servlet/SingleRpt/SingleRpt?search_topic=TSN&search_value=43195","Edgar Anderson","Species","individuals","Human observation"
"136","Site1_01/12/1929","Site1_01/12/1929_A12","Iris setosa","https://www.itis.gov/servlet/SingleRpt/SingleRpt?search_topic=TSN&search_value=43195","Edgar Anderson","Species","individuals","Human observation"
"137","Site1_01/12/1929","Site1_01/12/1929_A72","Iris versicolor","https://www.itis.gov/servlet/SingleRpt/SingleRpt?search_topic=TSN&search_value=43196","Edgar Anderson","Species","individuals","Human observation"
"138","Site1_01/12/1929","Site1_01/12/1929_A96","Iris versicolor","https://www.itis.gov/servlet/SingleRpt/SingleRpt?search_topic=TSN&search_value=43196","Edgar Anderson","Species","individuals","Human observation"
"139","Site3_01/12/1929","Site3_01/12/1929_A61","Iris versicolor","https://www.itis.gov/servlet/SingleRpt/SingleRpt?search_topic=TSN&search_value=43196","Edgar Anderson","Species","individuals","Human observation"
"140","Site3_01/12/1929","Site3_01/12/1929_A76","Iris versicolor","https://www.itis.gov/servlet/SingleRpt/SingleRpt?search_topic=TSN&search_value=43196","Edgar Anderson","Species","individuals","Human observation"
"141","Site1_01/12/1929","Site1_01/12/1929_A117","Iris virginica","https://www.itis.gov/servlet/SingleRpt/SingleRpt?search_topic=TSN&search_value=43197","Edgar Anderson","Species","individuals","Human observation"
"142","Site1_01/12/1929","Site1_01/12/1929_A123","Iris virginica","https://www.itis.gov/servlet/SingleRpt/SingleRpt?search_topic=TSN&search_value=43197","Edgar Anderson","Species","individuals","Human observation"
"143","Site1_01/12/1929","Site1_01/12/1929_A126","Iris virginica","https://www.itis.gov/servlet/SingleRpt/SingleRpt?search_topic=TSN&search_value=43197","Edgar Anderson","Species","individuals","Human observation"
"144","Site2_13/02/1930","Site2_13/02/1930_A116","Iris virginica","https://www.itis.gov/servlet/SingleRpt/SingleRpt?search_topic=TSN&search_value=43197","Edgar Anderson","Species","individuals","Human observation"
"145","Site2_13/02/1930","Site2_13/02/1930_A137","Iris virginica","https://www.itis.gov/servlet/SingleRpt/SingleRpt?search_topic=TSN&search_value=43197","Edgar Anderson","Species","individuals","Human observation"
"146","Site3_01/12/1929","Site3_01/12/1929_A115","Iris virginica","https://www.itis.gov/servlet/SingleRpt/SingleRpt?search_topic=TSN&search_value=43197","Edgar Anderson","Species","individuals","Human observation"
"147","Site3_01/12/1929","Site3_01/12/1929_A121","Iris virginica","https://www.itis.gov/servlet/SingleRpt/SingleRpt?search_topic=TSN&search_value=43197","Edgar Anderson","Species","individuals","Human observation"
"148","Site3_01/12/1929","Site3_01/12/1929_A130","Iris virginica","https://www.itis.gov/servlet/SingleRpt/SingleRpt?search_topic=TSN&search_value=43197","Edgar Anderson","Species","individuals","Human observation"
